Id Commune;Commune;Code postal;Code departement
1;SAINT-ETIENNE-DU-BOIS;1370;1
2;CHEVRY;1170;1
3;DIVONNE-LES-BAINS;1220;1
4;PERON;1630;1
5;VALSERHONE;1200;1
6;CULOZ;1350;1
7;ST-GENIS-POUILLY;1630;1
8;OYONNAX;1100;1
9;ST-GERMAIN-DE-JOUX;1130;1
10;GEX;1170;1
11;AMBERIEU-EN-BUGEY;1500;1
12;CESSY;1170;1
13;SAULT-BRENAZ;1150;1
14;FERNEY-VOLTAIRE;1210;1
15;SEGNY;1170;1
16;LAGNIEU;1150;1
17;LE POIZAT-LALLEYRIAT;1130;1
18;BELLEY;1300;1
19;ORNEX;1210;1
20;DORTAN;1590;1
21;PREVESSIN-MOENS;1280;1
22;BRENOD;1110;1
23;SAINT-JEAN-LE-VIEUX;1640;1
24;NANTUA;1130;1
25;SAINT-DENIS-EN-BUGEY;1500;1
26;THOIRY;1710;1
27;BELLIGNAT;1100;1
28;PLATEAU D'HAUTEVILLE;1110;1
29;LELEX;1410;1
30;VESANCY;1170;1
31;IZERNORE;1580;1
32;ECHENEVEX;1170;1
33;VERSONNEX;1210;1
34;SAINT-VULBAS;1150;1
35;COLLONGES;1550;1
36;CHAMPAGNE-EN-VALROMEY;1260;1
37;JUJURIEUX;1640;1
38;MATAFELON-GRANGES;1580;1
39;HAUT-VALROMEY;1260;1
40;ARBENT;1100;1
41;LOYETTES;1360;1
42;MIJOUX;1410;1
43;SERGY;1630;1
44;FARGES;1550;1
45;CROZET;1170;1
46;VILLARS-LES-DOMBES;1330;1
47;MEXIMIEUX;1800;1
48;MONTCEAUX;1090;1
49;MONTLUEL;1120;1
50;JASSANS-RIOTTIER;1480;1
51;BEAUREGARD;1480;1
52;DAGNEUX;1120;1
53;MIONNAY;1390;1
54;VILLIEU-LOYES-MOLLON;1800;1
55;CHAUNY;2300;2
56;LAON;2000;2
57;LA FERE;2800;2
58;URCEL;2000;2
59;SAINT GOBAIN;2410;2
60;TERGNIER;2700;2
61;FOLEMBRAY;2670;2
62;SAINT QUENTIN;2100;2
63;SOISSONS;2200;2
64;COURMELLES;2200;2
65;VIC SUR AISNE;2290;2
66;VILLERS-COTTERETS;2600;2
67;LARGNY SUR AUTOMNE;2600;2
68;NANTEUIL LA FOSSE;2880;2
69;VAILLY-SUR-AISNE;2370;2
70;COEUVRES ET VALSERY;2600;2
71;BELLEU;2200;2
72;CHATEAU THIERRY;2400;2
73;FERE EN TARDENOIS;2130;2
74;MOULINS;3000;3
75;YZEURE;3400;3
76;CUSSET;3300;3
77;VICHY;3200;3
78;SISTERON;4200;4
79;RIEZ;4500;4
80;ENCHASTRAYES;4400;4
81;CHATEAU-ARNOUX-SAINT-AUBAN;4160;4
82;DIGNE-LES-BAINS;4000;4
83;MONTCLAR;4140;4
84;ALLOS;4260;4
85;CASTELLANE;4120;4
86;JAUSIERS;4850;4
87;LE LAUZET UBAYE;4340;4
88;SEYNE;4140;4
89;SAINTE CROIX DU VERDON;4500;4
90;FAUCON-DE-BARCELONNETTE;4400;4
91;BARCELONNETTE;4400;4
92;GREOUX-LES-BAINS;4800;4
93;SAINT-MARTIN-DE-BROMES;4800;4
94;PEIPIN;4200;4
95;VOLX;4130;4
96;FORCALQUIER;4300;4
97;SELONNET;4140;4
98;MANOSQUE;4100;4
99;UVERNET-FOURS;4400;4
100;NOYERS-SUR-JABRON;4200;4
101;PIERRERUE;4300;4
102;ORAISON;4700;4
103;L ESCALE;4160;4
104;VILLENEUVE;4180;4
105;VALENSOLE;4210;4
106;VOLONNE;4290;4
107;SAINTE-TULLE;4220;4
108;SAINT-ETIENNE-LES-ORGUES;4230;4
109;DEMANDOLX;4120;4
110;BARREME;4330;4
111;LARAGNE-MONTEGLIN;5300;5
112;SAINT-MICHEL-DE-CHAILLOL;5260;5
113;MONTGARDIN;5230;5
114;VARS;5560;5
115;EMBRUN;5200;5
116;SAINT-SAUVEUR;5200;5
117;BRIANCON;5100;5
118;ORCIERES;5170;5
119;VALLOUISE-PELVOUX;5340;5
120;L'ARGENTIERE-LA-BESSEE;5120;5
121;GAP;5000;5
122;LE DEVOLUY;5250;5
123;LA CHAPELLE-EN-VALGAUDEMAR;5800;5
124;ABRIES-RISTOLAS;5460;5
125;LA SALLE;5240;5
126;VEYNES;5400;5
127;ANCELLE;5260;5
128;LES ORRES;5200;5
129;SERRES;5700;5
130;RISOUL;5600;5
131;CHORGES;5230;5
132;PUY SAINT VINCENT;5290;5
133;SAINT-BONNET-EN-CHAMPSAUR;5500;5
134;NEVACHE;5100;5
135;LE MONETIER-LES-BAINS;5220;5
136;LA BATIE NEUVE;5230;5
137;GUILLESTRE;5600;5
138;SAVINES-LE-LAC;5160;5
139;MONTGENEVRE;5100;5
140;LAYE;5500;5
141;PUY-SANIERES;5200;5
142;SAINT-CHAFFREY;5330;5
143;NICE;6000;6
144;NICE;6300;6
145;NICE;6100;6
146;SAINT-ANDRE DE LA ROCHE;6730;6
147;LA TRINITE;6340;6
148;FALICON;6950;6
149;NICE;6200;6
150;MENTON;6500;6
151;ROQUEBRUNE CAP MARTIN;6190;6
152;BEAUSOLEIL;6240;6
153;LA BRIGUE;6430;6
154;SAORGE;6540;6
155;TENDE;6430;6
156;SOSPEL;6380;6
157;CASTELLAR;6500;6
158;CASTILLON;6500;6
159;GORBIO;6500;6
160;MOULINET;6380;6
161;BREIL-SUR-ROYA;6540;6
162;SAINTE-AGNES;6500;6
163;VILLEFRANCHE-SUR-MER;6230;6
164;ISOLA;6420;6
165;PEONE;6470;6
166;VALDEBLORE;6420;6
167;BEAULIEU SUR MER;6310;6
168;PEILLON;6440;6
169;DRAP;6340;6
170;L'ESCARENE;6440;6
171;CAP-D AIL;6320;6
172;VILLARS-SUR-VAR;6710;6
173;SAINT-MARTIN-VESUBIE;6450;6
174;BENDEJUN;6390;6
175;SAINT-ETIENNE-DE-TINEE;6660;6
176;SAINT-MARTIN-DU-VAR;6670;6
177;CONTES;6390;6
178;LA TURBIE;6320;6
179;GUILLAUMES;6470;6
180;PEILLE;6440;6
181;EZE;6360;6
182;GILETTE;6830;6
183;ROQUEBILLIERE;6450;6
184;COLOMARS;6670;6
185;SAINT-JEAN-CAP-FERRAT;6230;6
186;LEVENS;6670;6
187;BEUIL;6470;6
188;BERRE-LES-ALPES;6390;6
189;TOUDON;6830;6
190;BLAUSASC;6440;6
191;BELVEDERE;6450;6
192;LUCERAM;6440;6
193;LANTOSQUE;6450;6
194;ASPREMONT;6790;6
195;LA BOLLENE-VESUBIE;6450;6
196;RIMPLAS;6420;6
197;CANTARON;6340;6
198;CLANS;6420;6
199;LA ROQUETTE SUR VAR;6670;6
200;UTELLE;6450;6
201;PUGET-THENIERS;6260;6
202;LE CANNET;6110;6
203;MOUANS-SARTOUX;6370;6
204;VALLAURIS;6220;6
205;ANTIBES;6600;6
206;ANTIBES;6160;6
207;LA ROQUETTE SUR SIAGNE;6550;6
208;MOUGINS;6250;6
209;BIOT;6410;6
210;CANNES;6400;6
211;CANNES;6150;6
212;MANDELIEU-LA-NAPOULE;6210;6
213;GRASSE;6130;6
214;PEGOMAS;6580;6
215;THEOULE-SUR-MER;6590;6
216;CARROS;6510;6
217;VENCE;6140;6
218;SAINT-CEZAIRE-SUR-SIAGNE;6530;6
219;LE BROC;6510;6
220;SAINT-VALLIER-DE-THIEY;6460;6
221;LA GAUDE;6610;6
222;LE BAR-SUR-LOUP;6620;6
223;VALBONNE;6560;6
224;GREOLIERES;6620;6
225;PEYMEINADE;6530;6
226;ANDON;6750;6
227;CAGNES SUR MER;6800;6
228;VILLENEUVE-LOUBET;6270;6
229;SAINT LAURENT DU VAR;6700;6
230;LA COLLE SUR LOUP;6480;6
231;SAINT-PAUL-DE-VENCE;6570;6
232;SAINT-JUST-D'ARDECHE;7700;7
233;VALS-LES-BAINS;7600;7
234;BOURG-SAINT-ANDEOL;7700;7
235;GRAVIERES;7140;7
236;SALAVAS;7150;7
237;AUBENAS;7200;7
238;LA-VOULTE-SUR-RHONE;7800;7
239;PRIVAS;7000;7
240;CHARMES-SUR-RHONE;7800;7
241;VALLON PONT D'ARC;7150;7
242;LABEGUDE;7200;7
243;RUOMS;7120;7
244;LANAS;7200;7
245;SAINT-SERNIN;7200;7
246;SAINT-GEORGES-LES-BAINS;7800;7
247;VIVIERS;7220;7
248;SAINT-MONTAN;7220;7
249;ST JULIEN EN ST ALBAN;7000;7
250;SAINT-MARTIN-D' ARDECHE;7700;7
251;TOURNON-SUR-RHONE;7300;7
252;SAINT-PERAY;7130;7
253;GUILHERAND-GRANGES;7500;7
254;ANNONAY;7100;7
255;SARRAS;7370;7
256;FELINES;7340;7
257;SAINT-JEAN-DE-MUZOLS;7300;7
258;DAVEZIEUX;7430;7
259;CHARLEVILLE-MEZIERES;8000;8
260;GIVET;8600;8
261;SAINT-LAURENT;8090;8
262;RETHEL;8300;8
263;SEDAN;8200;8
264;CARIGNAN;8110;8
265;BALAN;8200;8
266;BAZEILLES;8140;8
267;USTOU;9140;9
268;SAVERDUN;9700;9
269;FOIX;9000;9
270;SAINT-JEAN-DU-FALGA;9100;9
271;LUZENAC;9250;9
272;AX-LES-THERMES;9110;9
273;MIREPOIX;9500;9
274;LAVELANET;9300;9
275;PAMIERS;9100;9
276;DAUMAZAN-SUR-ARIZE;9350;9
277;SAINTE SAVINE;10300;10
278;ROSIERES PRES TROYES;10430;10
279;ROMILLY SUR SEINE;10100;10
280;SAINT JULIEN LES VILLAS;10800;10
281;SAINT ANDRE LES VERGERS;10120;10
282;TROYES;10000;10
283;TRAINEL;10400;10
284;LA CHAPELLE ST LUC;10600;10
285;BAR SUR AUBE;10200;10
286;PONTSAINTE MARIE;10150;10
287;NOGENT SUR SEINE;10400;10
288;LES NOES PRES TROYES;10420;10
289;COLOMBE LA FOSSE;10200;10
290;DIENVILLE;10500;10
291;CARCASSONNE;11000;11
292;CASTELNAUDARY;11400;11
293;PEXIORA;11150;11
294;TREBES;11800;11
295;LAVALETTE;11290;11
296;LIMOUX;11300;11
297;RENNES LES BAINS;11190;11
298;FITOU;11510;11
299;SIGEAN;11130;11
300;PORT-LA-NOUVELLE;11210;11
301;GRUISSAN;11430;11
302;LEUCATE;11370;11
303;NARBONNE;11100;11
304;VINASSAN;11110;11
305;FLEURY D AUDE;11560;11
306;BOUTENAC;11200;11
307;PEYRIAC DE MER;11440;11
308;BAGES;11100;11
309;LEZIGNAN-CORBIERES;11200;11
310;SALLES D AUDE;11110;11
311;MOUSSAN;11120;11
312;COURSAN;11110;11
313;LE MONASTERE;12000;12
314;MARSEILLE 2EME;13002;13
315;MARSEILLE 4EME;13004;13
316;MARSEILLE 1ER;13001;13
317;MARSEILLE 16EME;13016;13
318;MARSEILLE 15EME;13015;13
319;MARSEILLE 3EME;13003;13
320;MARSEILLE 14EME;13014;13
321;MARSEILLE 14EME;13013;13
322;MARSEILLE 10EME;13010;13
323;MARSEILLE 7EME;13007;13
324;MARSEILLE 5EME;13005;13
325;MARSEILLE 6EME;13006;13
326;MARSEILLE 9EME;13009;13
327;AUBAGNE;13400;13
328;MARSEILLE 8EME;13008;13
329;CARNOUX-EN-PROVENCE;13470;13
330;CASSIS;13260;13
331;ROQUEVAIRE;13360;13
332;LA CIOTAT;13600;13
333;LA DESTROUSSE;13112;13
334;AURIOL;13390;13
335;LA PENNE SUR HUVEAUNE;13821;13
336;LA BOUILLADISSE;13720;13
337;SAINT SAVOURNIN;13119;13
338;ROQUEFORT LA BEDOULE;13830;13
339;PEYPIN;13124;13
340;GREASQUE;13850;13
341;GEMENOS;13420;13
342;CUGES LES PINS;13780;13
343;MARSEILLE 13EME;13013;13
344;MARSEILLE 12EME;13012;13
345;PLAN DE CUQUES;13380;13
346;MARSEILLE 11EME;13011;13
347;MARSEILLE 12EME;13004;13
348;ALLAUCH;13190;13
349;MIRAMAS;13140;13
350;SALON-DE-PROVENCE;13300;13
351;AIX EN PROVENCE;13100;13
352;ROUSSET;13790;13
353;ENSUES-LA-REDONNE;13820;13
354;CHATEAUNEUF-LES-MARTIGUES;13220;13
355;VITROLLES;13127;13
356;MARIGNANE;13700;13
357;GIGNAC-LA-NERTHE;13180;13
358;EYRAGUES;13630;13
359;SAINT-REMY-DE-PROVENCE;13210;13
360;ARLES;13200;13
361;GRAVESON;13690;13
362;EYGUIERES;13430;13
363;CHATEAURENARD;13160;13
364;CAEN;14000;14
365;MERVILLE FRANCEVILLE;14810;14
366;GRANDCAMP-MAISY;14450;14
367;LISIEUX;14100;14
368;HONFLEUR;14600;14
369;TROUVILLE-SUR-MER;14360;14
370;DIVES-SUR-MER;14160;14
371;VILLERS-SUR-MER;14640;14
372;DEAUVILLE;14800;14
373;HOULGATE;14510;14
374;PONT-L EVEQUE;14130;14
375;BLONVILLE-SUR-MER;14910;14
376;TOURGEVILLE;14800;14
377;TOUQUES;14800;14
378;BENERVILLE-SUR-MER;14910;14
379;DOZULE;14430;14
380;EQUEMAUVILLE;14600;14
381;SAINT-ARNOULT;14800;14
382;RIVIERE-SAINT-SAUVEUR (LA);14600;14
383;ANGOULEME;16000;16
384;RUELLE-SUR-TOUVRE;16600;16
385;SOYAUX;16800;16
386;BARBEZIEUX SAINT HILAIRE;16300;16
387;L'ISLE D'ESPAGNAC;16340;16
388;GOND PONTOUVRE;16160;16
389;SAINT-MICHEL;16470;16
390;SAINT-XANDRE;17138;17
391;LA ROCHELLE;17000;17
392;LAGORD;17140;17
393;PERIGNY;17180;17
394;CHATELAILLON-PLAGE;17340;17
395;AYTRE;17440;17
396;CLAVETTE;17220;17
397;LOIX;17111;17
398;SAINT-MARTIN-DE-RE;17410;17
399;COURCON;17170;17
400;LES PORTES-EN-RE;17880;17
401;PUILBOREAU;17138;17
402;DOMPIERRE-SUR-MER;17139;17
403;MARANS;17230;17
404;ARS-EN-RE;17590;17
405;ANGOULINS;17690;17
406;ROCHEFORT;17300;17
407;TONNAY CHARENTE;17430;17
408;FOURAS;17450;17
409;SAINTES;17100;17
410;SAUJON;17600;17
411;SAINT-GEORGES-DE-DIDONNE;17110;17
412;MESCHERS-SUR-GIRONDE;17132;17
413;BARZAN;17120;17
414;ST JEAN D'ANGELY;17400;17
415;VIERZON;18100;18
416;BOURGES;18000;18
417;SAINT-FLORENT-SUR-CHER;18400;18
418;MEHUN-SUR-YEVRE;18500;18
419;MORTHOMIERS;18570;18
420;ALLOUIS;18500;18
421;SAINT-AMAND-MONTROND;18200;18
422;AUBIGNY-SUR-NERE;18700;18
423;TREIGNAC;19260;19
424;TULLE;19000;19
425;USSEL;19200;19
426;BRIVE LA GAILLARDE;19100;19
427;USSAC;19270;19
428;SAINT-SORNIN-LAVOLPS;19230;19
429;MALEMORT;19360;19
430;SAINTE FEREOLE;19270;19
431;DIJON;21000;21
432;SAINT-BRIEUC;22000;22
433;ERQUY;22430;22
434;LAMBALLE-ARMOR;22400;22
435;CHATELAUDREN-PLOUAGAT;22170;22
436;LANGUEUX;22360;22
437;PLOUFRAGAN;22440;22
438;PLOUHA;22580;22
439;PAIMPOL;22500;22
440;PLENEUF-VAL-ANDRE;22370;22
441;SAINT-QUAY-PORTRIEUX;22410;22
442;PLERIN;22190;22
443;BINIC-ETABLES-SUR-MER;22680;22
444;HILLION;22120;22
445;TREGUEUX;22950;22
446;NOYAL;22400;22
447;BEAUSSAIS-SUR-MER;22650;22
448;DINAN;22100;22
449;SAINT-CAST-LE-GUILDO;22380;22
450;FREHEL;22240;22
451;TADEN;22100;22
452;LANCIEUX;22770;22
453;PLANCOET;22130;22
454;CAULNES;22350;22
455;LANVALLAY;22100;22
456;MATIGNON;22550;22
457;BROONS;22250;22
458;GUINGAMP;22200;22
459;PLOUMAGOAR;22970;22
460;PERROS-GUIREC;22700;22
461;LANNION;22300;22
462;TREGUIER;22220;22
463;TREVOU-TREGUIGNEC;22660;22
464;TREBEURDEN;22560;22
465;PLESTIN-LES-GREVES;22310;22
466;LOUDEAC;22600;22
467;LA SOUTERRAINE;23300;23
468;GUERET;23000;23
469;PERIGUEUX;24000;24
470;TRELISSAC;24750;24
471;BOULAZAC ISLE MANOIRE;24750;24
472;COULOUNIEIX-CHAMIERS;24660;24
473;BERGERAC;24100;24
474;PORT-SAINTE-FOY-ET-PONCHAPT;33220;24
475;VAL DE LOUYRE ET CAUDEAU;24510;24
476;LAMOTHE-MONTRAVEL;24230;24
477;TERRASSON LAVILLEDIEU;24120;24
478;SARLAT-LA-CANEDA;24200;24
479;ROUFFIGNAC-ST-CERNIN-DE-REILHA;24580;24
480;CASTELNAUD-LA-CHAPELLE;24250;24
481;BESANCON;25000;25
482;GENEUILLE;25870;25
483;SAINT VIT;25410;25
484;BOUSSIERES;25320;25
485;MAMIROLLE;25620;25
486;ROCHE LEZ BEAUPRE;25220;25
487;MISEREY SALINES;25480;25
488;BONNAY;25870;25
489;DELUZ;25960;25
490;LES AUXONS;25870;25
491;BAUME LES DAMES;25110;25
492;PONTARLIER;25300;25
493;GRANGES NARBOZ;25300;25
494;JOUGNE;25370;25
495;VILLERS LE LAC;25130;25
496;MORTEAU;25500;25
497;LES HOPITAUX NEUFS;25370;25
498;ROCHEJEAN;25370;25
499;ORNANS;25290;25
500;DOUBS;25300;25
501;VALDAHON;25800;25
502;LA CLUSE ET MIJOUX;25300;25
503;METABIEF;25370;25
504;ETALANS;25580;25
505;MONTLEBON;25500;25
506;MOUTHE;25240;25
507;LES FOURGS;25300;25
508;CHARQUEMONT;25140;25
509;AUDINCOURT;25400;25
510;SELONCOURT;25230;25
511;HERIMONCOURT;25310;25
512;MONTBELIARD;25200;25
513;ROMANS-SUR-ISERE;26100;26
514;VALENCE;26000;26
515;MORAS-EN-VALLOIRE;26210;26
516;MONTELIMAR;26200;26
517;BOURG-DE-PEAGE;26300;26
518;MONTBOUCHER-SUR-JABRON;26740;26
519;BOURG LES VALENCE;26500;26
520;CHABEUIL;26120;26
521;CREST;26400;26
522;DONZERE;26290;26
523;SAINT-RAMBERT-D ALBON;26140;26
524;DIEULEFIT;26220;26
525;TULETTE;26790;26
526;BEAUVALLON;26800;26
527;MIRABEL-AUX-BARONNIES;26110;26
528;LORIOL SUR DROME;26270;26
529;PIERRELATTE;26700;26
530;SAINT-PAUL-TROIS-CHATEAUX;26130;26
531;MONTELIER;26120;26
532;LIVRON SUR DROME;26250;26
533;PORTES LES VALENCE;26800;26
534;NYONS;26110;26
535;SAUZET;26740;26
536;SAINT-DONAT-SUR-L HERBASSE;26260;26
537;ANCONE;26200;26
538;SAINT-PANTALEON-LES-VIGNES;26770;26
539;SAINT-AGNAN-EN-VERCORS;26420;26
540;LA ROCHE DE GLUN;26600;26
541;MOURS-SAINT-EUSEBE;26540;26
542;SAINT VALLIER;26240;26
543;PONT DE L ISERE;26600;26
544;MERCUROL-VEAUNES;26600;26
545;TAIN L HERMITAGE;26600;26
546;BEAUMONT LES VALENCE;26760;26
547;MONTSEGUR-SUR-LAUZON;26130;26
548;PONSAS;26240;26
549;GRAVIGNY;27930;27
550;RUGLES;27250;27
551;EZY SUR EURE;27530;27
552;EVREUX;27000;27
553;PACY-SUR-EURE;27120;27
554;BUEIL;27730;27
555;VERNON;27200;27
556;ST MARCEL;27950;27
557;CONCHES EN OUCHE;27190;27
558;VERNEUIL D'AVRE ET D'ITON;27130;27
559;GISORS;27140;27
560;LES ANDELYS;27700;27
561;LA TRINITE DE REVILLE;27270;27
562;BEAUMONT LE ROGER;27170;27
563;BERNAY;27300;27
564;GAILLON;27600;27
565;CHARTRES;28000;28
566;GALLARDON;28320;28
567;LE COUDRAY;28630;28
568;EPERNON;28230;28
569;MAINVILLIERS;28300;28
570;TOURY;28310;28
571;HANCHES;28130;28
572;LEVES;28300;28
573;GASVILLE OISEME;28300;28
574;MAINTENON;28130;28
575;LUCE;28110;28
576;CHARTAINVILLIERS;28130;28
577;ST PREST;28300;28
578;GAS;28320;28
579;AUNEAU-BLEURY-SAINT-SYMPHORIEN;28700;28
580;LUISANT;28600;28
581;JOUY;28300;28
582;COURVILLE SUR EURE;28190;28
583;CHATEAUDUN;28200;28
584;ST DENIS-LANNERAY;28200;28
585;DREUX;28100;28
586;VERNOUILLET;28500;28
587;LORMAYE;28210;28
588;NOGENT-LE-ROI;28210;28
589;ANET;28260;28
590;CHAUDON;28210;28
591;ST LUBIN DES JONCHERETS;28350;28
592;CHATEAUNEUF EN THYMERAIS;28170;28
593;ST REMY SUR AVRE;28380;28
594;COULOMBS;28210;28
595;NOGENT LE ROTROU;28400;28
596;QUIMPER;29000;29
597;DOUARNENEZ;29100;29
598;QUIMPERLE;29300;29
599;CONCARNEAU;29900;29
600;PONT-AVEN;29930;29
601;CLOHARS CARNOET;29360;29
602;BREST;29200;29
603;SAINT RENAN;29290;29
604;DIRINON;29460;29
605;LANDERNEAU;29800;29
606;PLOUGASTEL-DAOULAS;29470;29
607;CAMARET-SUR-MER;29570;29
608;CROZON;29160;29
609;SAINT-NIC;29550;29
610;MORLAIX;29600;29
611;LANDIVISIAU;29400;29
612;CARANTEC;29660;29
613;SAINT-MARTIN-DES-CHAMPS;29600;29
614;PLOUGASNOU;29630;29
615;ROSCOFF;29680;29
616;PORTO-VECCHIO;20137;2A
617;AJACCIO;20000;2A
618;PROPRIANO;20110;2A
619;AJACCIO;20090;2A
620;SARTENE;20100;2A
621;ZONZA;20144;2A
622;BONIFACIO;20169;2A
623;GROSSETO-PRUGNA;20128;2A
624;LECCI;20137;2A
625;ARBELLARA;20110;2A
626;PIETROSELLA;20166;2A
627;GROSSETO-PRUGNA;20166;2A
628;VICO;20160;2A
629;CASAGLIONE;20111;2A
630;SARROLA-CARCOPINO;20167;2A
631;ARGIUSTA-MORICCIO;20140;2A
632;ALBITRECCIA;20166;2A
633;SERRA-DI-FERRO;20140;2A
634;CAURO;20117;2A
635;PALNECA;20134;2A
636;APPIETTO;20167;2A
637;CALCATOGGIO;20111;2A
638;PIANOTTOLI-CALDARELLO;20131;2A
639;OTA;20150;2A
640;BELVEDERE-CAMPOMORO;20110;2A
641;SOTTA;20146;2A
642;SARI-SOLENZARA;20145;2A
643;LECCI;20000;2A
644;OLMETO;20113;2A
645;COTI-CHIAVARI;20138;2A
646;CASALABRIVA;20140;2A
647;TAVERA;20163;2A
648;VICO;20118;2A
649;QUENZA;20122;2A
650;BASTELICACCIA;20129;2A
651;PIANA;20115;2A
652;COGGIA;20118;2A
653;FRASSETO;20157;2A
654;CUTTOLI-CORTICCHIATO;20167;2A
655;SANTA-MARIA-SICHE;20190;2A
656;COGGIA;20160;2A
657;ALBITRECCIA;20128;2A
658;VIGGIANELLO;20110;2A
659;AJACCIO;nan;2A
660;AREGNO;20220;2B
661;L'ILE ROUSSE;20220;2B
662;CERVIONE;20221;2B
663;OLETTA;20232;2B
664;LE GRAU DU ROI;30240;30
665;AIGUES-MORTES;30220;30
666;NIMES;30900;30
667;NIMES;30000;30
668;CALVISSON;30420;30
669;DURFORT-ET-SAINT-MARTIN-DE-;30170;30
670;VAUVERT;30600;30
671;CAISSARGUES;30132;30
672;MILHAUD;30540;30
673;CLARENSAC;30870;30
674;BOUILLARGUES;30230;30
675;GARONS;30128;30
676;SOMMIERES;30250;30
677;SAINT ANDRE DE VALBORGNE;30940;30
678;GALLARGUES-LE-MONTUEUX;30660;30
679;BERNIS;30620;30
680;AIGUES-VIVES;30670;30
681;SAINT-DIONISY;30980;30
682;GARRIGUES SAINTE EULALIE;30190;30
683;SAUVE;30610;30
684;LA CALMETTE;30190;30
685;LASALLE;30460;30
686;SAINT-LAURENT-D AIGOUZE;30220;30
687;AUBORD;30620;30
688;AIMARGUES;30470;30
689;RODILHAN;30230;30
690;SARDAN;30260;30
691;CODOGNAN;30920;30
692;ARRIGAS;30770;30
693;QUISSAC;30260;30
694;SAINT-GENIES-DE-MALGOIRES;30190;30
695;CAVEIRAC;30820;30
696;LE VIGAN;30120;30
697;SUMENE;30440;30
698;ST HIPPOLYTE DU FORT;30170;30
699;UZES;30700;30
700;GENERAC;30510;30
701;LAUDUN-L ARDOISE;30290;30
702;BELLEGARDE;30127;30
703;BEAUCAIRE;30300;30
704;VILLENEUVE LES AVIGNON;30400;30
705;SAINT-NAZAIRE;30200;30
706;MARGUERITTES;30320;30
707;MEYNES;30840;30
708;ROCHEFORT-DU-GARD;30650;30
709;LES ANGLES;30133;30
710;REMOULINS;30210;30
711;POULX;30320;30
712;PONT ST ESPRIT;30130;30
713;ST GILLES;30800;30
714;CASTILLON-DU-GARD;30210;30
715;SAINT-HILAIRE-D OZILHAN;30210;30
716;SAINT-PAULET-DE-CAISSON;30130;30
717;SERNHAC;30210;30
718;BAGNOLS SUR CEZE;30200;30
719;SAZE;30650;30
720;MONTAREN-ET-SAINT-MEDIERS;30700;30
721;MONTFRIN;30490;30
722;ROQUEMAURE;30150;30
723;ALES;30100;30
724;PORTES;30530;30
725;MOLIERES-SUR-CEZE;30410;30
726;BESSEGES;30160;30
727;SAINT-FLORENT-SUR-AUZONNET;30960;30
728;LA GRAND COMBE;30110;30
729;ANDUZE;30140;30
730;TOULOUSE;31400;31
731;TOULOUSE;31200;31
732;TOULOUSE;31000;31
733;TOULOUSE;31500;31
734;CASTELGINEST;31780;31
735;FONBEAUZARD;31140;31
736;BALMA;31130;31
737;DREMIL LAFAGE;31280;31
738;L UNION;31240;31
739;AUCAMVILLE;31140;31
740;FENOUILLET;31150;31
741;ROUFFIAC TOLOSAN;31180;31
742;GAGNAC SUR GARONNE;31150;31
743;RAMONVILLE ST AGNE;31520;31
744;ST JEAN;31240;31
745;LAUNAGUET;31140;31
746;FLOURENS;31130;31
747;TOULOUSE;31300;31
748;TOURNEFEUILLE;31170;31
749;COLOMIERS;31770;31
750;TOULOUSE;31100;31
751;BLAGNAC;31700;31
752;VILLEMUR SUR TARN;31340;31
753;AUSSONNE;31840;31
754;CUGNAUX;31270;31
755;GRENADE SUR GARONNE;31330;31
756;LA SALVETAT ST GILLES;31880;31
757;MONDONVILLE;31700;31
758;FRONTON;31620;31
759;BEAUZELLE;31700;31
760;BESSIERES;31660;31
761;CASTANET TOLOSAN;31320;31
762;VILLEFRANCHE-DE-LAURAGAIS;31290;31
763;NAILLOUX;31560;31
764;LABEGE;31670;31
765;REVEL;31250;31
766;ST ORENS DE GAMEVILLE;31650;31
767;LANTA;31570;31
768;LACROIX FALGARDE;31120;31
769;AUZEVILLE-TOLOSANE;31320;31
770;ESCALQUENS;31750;31
771;MONTASTRUC LA CONSEILLERE;31380;31
772;POMPERTUZAT;31450;31
773;BAZIEGE;31450;31
774;FROUZINS;31270;31
775;AUCH;32000;32
776;CONDOM;32100;32
777;CAZAUBON;32150;32
778;GIMONT;32200;32
779;L ISLE JOURDAIN;32600;32
780;BORDEAUX;33200;33
781;SAINT AUBIN DE MEDOC;33160;33
782;PAREMPUYRE;33290;33
783;SAINT MEDARD EN JALLES;33160;33
784;BORDEAUX;33000;33
785;BORDEAUX;33300;33
786;BRUGES;33520;33
787;LACANAU;33680;33
788;LE BOUSCAT;33110;33
789;LE HAILLAN;33185;33
790;EYSINES;33320;33
791;LUDON MEDOC;33290;33
792;MOULIS-EN-MEDOC;33480;33
793;LE TAILLAN MEDOC;33320;33
794;CASTELNAU-DE-MEDOC;33480;33
795;BLANQUEFORT;33290;33
796;MARGAUX CANTENAC;33460;33
797;BORDEAUX;33800;33
798;BEGLES;33130;33
799;MERIGNAC;33700;33
800;GRADIGNAN;33170;33
801;TALENCE;33400;33
802;PESSAC;33600;33
803;VILLENAVE D ORNON;33140;33
804;SAINT JEAN D ILLAC;33127;33
805;MARTIGNAS SUR JALLE;33127;33
806;CANEJAN;33610;33
807;CESTAS;33610;33
808;CADILLAC;33410;33
809;BIGANOS;33380;33
810;ARCACHON;33120;33
811;CARBON BLANC;33560;33
812;CADAUJAC;33140;33
813;LA TESTE-DE-BUCH;33260;33
814;GUJAN MESTRAS;33470;33
815;CENON;33150;33
816;FLOIRAC;33270;33
817;TOULENNE;33210;33
818;ANDERNOS-LES-BAINS;33510;33
819;BORDEAUX;33100;33
820;LORMONT;33310;33
821;ARTIGUES-PRES-BORDEAUX;33370;33
822;PAILLET;33550;33
823;LEGE-CAP-FERRET;33970;33
824;LE TEICH;33470;33
825;ST SULPICE ET CAMEYRAC;33450;33
826;CREON;33670;33
827;SALLES;33770;33
828;TRESSES;33370;33
829;SAINT GERVAIS;33240;33
830;ARES;33740;33
831;FARGUES SAINT HILAIRE;33370;33
832;LANGON;33210;33
833;LEOGNAN;33850;33
834;LEGE-CAP-FERRET;33950;33
835;PREIGNAC;33210;33
836;ST LOUIS DE MONTFERRAND;33440;33
837;LATRESNE;33360;33
838;AUDENGE;33980;33
839;HAUX;33550;33
840;AMBARES-ET-LAGRAVE;33440;33
841;ST CAPRAIS DE BORDEAUX;33880;33
842;LANTON;33138;33
843;BARSAC;33720;33
844;LE BARP;33114;33
845;BASSENS;33530;33
846;LANGOIRAN;33550;33
847;YVRAC;33370;33
848;MONTUSSAN;33450;33
849;BAZAS;33430;33
850;SAINT-ANDRE-DE-CUBZAC;33240;33
851;CARIGNAN-DE-BORDEAUX;33360;33
852;MIOS;33380;33
853;LE TOURNE;33550;33
854;MARCHEPRIME;33380;33
855;LA TESTE-DE-BUCH;33115;33
856;CASTRES GIRONDE;33640;33
857;LESTIAC-SUR-GARONNE;33550;33
858;LA BREDE;33650;33
859;SAINT LOUBES;33450;33
860;SAINTE EULALIE;33560;33
861;GRIGNOLS;33690;33
862;GENISSAC;33420;33
863;LIBOURNE;33500;33
864;CASTILLON-LA-BATAILLE;33350;33
865;BLAYE;33390;33
866;PINEUILH;33220;33
867;SAINT-YZAN-DE-SOUDIAC;33920;33
868;SAINT-QUENTIN-DE-BARON;33750;33
869;SAINT-SAVIN;33920;33
870;COUTRAS;33230;33
871;ST-SEURIN-SUR-L ISLE;33660;33
872;SAINTE-FOY-LA-GRANDE;33220;33
873;SAINT-CIERS-SUR-GIRONDE;33820;33
874;VAYRES;33870;33
875;LA REOLE;33190;33
876;SAINT-MACAIRE;33490;33
877;SAUVETERRE-DE-GUYENNE;33540;33
878;CARCANS;33121;33
879;SOULAC-SUR-MER;33780;33
880;HOURTIN;33990;33
881;SAINT LAURENT MEDOC;33112;33
882;LE VERDON SUR MER;33123;33
883;LESPARRE-MEDOC;33340;33
884;VERTHEUIL;33180;33
885;SAINT-VIVIEN-DE-MEDOC;33590;33
886;MONTPELLIER;34080;34
887;MONTPELLIER;34000;34
888;MONTPELLIER;34070;34
889;MONTPELLIER;34090;34
890;PALAVAS-LES-FLOTS;34250;34
891;MAUGUIO;34130;34
892;JUVIGNAC;34990;34
893;PEROLS;34470;34
894;LE CRES;34920;34
895;LA GRANDE MOTTE;34280;34
896;CASTELNAU LE LEZ;34170;34
897;LATTES;34970;34
898;SAINT-AUNES;34130;34
899;SAINT-JEAN-DE-VEDAS;34430;34
900;GRABELS;34790;34
901;FRONTIGNAN;34110;34
902;SETE;34200;34
903;VIC-LA-GARDIOLE;34110;34
904;BOUZIGUES;34140;34
905;BALARUC LES BAINS;34540;34
906;VENDARGUES;34740;34
907;GANGES;34190;34
908;LUNEL;34400;34
909;CLERMONT L HERAULT;34800;34
910;SAINT-GELY-DU-FESC;34980;34
911;MEZE;34140;34
912;SUSSARGUES;34160;34
913;MARSILLARGUES;34590;34
914;GIGEAN;34770;34
915;JACOU;34830;34
916;MAS-DE-LONDRES;34380;34
917;SAINT CLEMENT DE RIVIERE;34980;34
918;CASTRIES;34160;34
919;BAILLARGUES;34670;34
920;POUSSAN;34560;34
921;LAROQUE;34190;34
922;MONTBAZIN;34560;34
923;PRADES-LE-LEZ;34730;34
924;BEAULIEU;34160;34
925;BALARUC LE VIEUX;34540;34
926;SAINT-SERIES;34400;34
927;VILLENEUVE-LES-MAGUELONE;34750;34
928;SAINT-BRES;34670;34
929;PLAISSAN;34230;34
930;LODEVE;34700;34
931;SAINT-FELIX-DE-LODEZ;34725;34
932;LOUPIAN;34140;34
933;CAZILHAC;34190;34
934;SAINT PAUL ET VALMALLE;34570;34
935;SAINT-ANDRE-DE-SANGONIS;34725;34
936;POUZOLS;34230;34
937;ASSAS;34820;34
938;ENTRE-VIGNES;34400;34
939;NEBIAN;34800;34
940;SAINT-DREZERY;34160;34
941;GIGNAC;34150;34
942;MONTPEYROUX;34150;34
943;MONTARNAUD;34570;34
944;VALRAS-PLAGE;34350;34
945;CESSERAS;34210;34
946;BEZIERS;34500;34
947;SERIGNAN;34410;34
948;AGDE;34300;34
949;PEZENAS;34120;34
950;MARSEILLAN;34340;34
951;BEDARIEUX;34600;34
952;VENDRES;34350;34
953;VIAS;34450;34
954;PUISSERGUIER;34620;34
955;CAUX;34720;34
956;MONTADY;34310;34
957;LAMALOU-LES-BAINS;34240;34
958;BOUJAN-SUR-LIBRON;34760;34
959;PORTIRAGNES;34420;34
960;POMEROLS;34810;34
961;PACE;35740;35
962;BOURGBARRE;35230;35
963;RENNES;35200;35
964;BETTON;35830;35
965;CESSON-SEVIGNE;35510;35
966;RENNES;35000;35
967;NOYAL-CHATILLON-SUR-SEICHE;35230;35
968;RENNES;35700;35
969;CHANTEPIE;35135;35
970;VEZIN-LE-COQUET;35132;35
971;BRUZ;35170;35
972;CHARTRES-DE-BRETAGNE;35131;35
973;ST JACQUES DE LA LANDE;35136;35
974;SAINT-GREGOIRE;35760;35
975;VERN-SUR-SEICHE;35770;35
976;LA CHAPELLE DES FOUGERETZ;35520;35
977;PONT-PEAN;35131;35
978;ACIGNE;35690;35
979;PARTHENAY-DE-BRETAGNE;35850;35
980;ORGERES;35230;35
981;MELESSE;35520;35
982;CHAVAGNE;35310;35
983;IRODOUER;35850;35
984;SAINT-AUBIN-D AUBIGNE;35250;35
985;BREAL-SOUS-MONTFORT;35310;35
986;MORDELLES;35310;35
987;MONTAUBAN-DE-BRETAGNE;35360;35
988;LIFFRE;35340;35
989;CHATEAUGIRON;35410;35
990;LE RHEU;35650;35
991;BRETEIL;35160;35
992;NOUVOITOU;35410;35
993;BEDEE;35137;35
994;JANZE;35150;35
995;THORIGNE-FOUILLARD;35235;35
996;SAINT-MEEN-LE-GRAND;35290;35
997;MONTFORT-SUR-MEU;35160;35
998;L'HERMITAGE;35590;35
999;HEDE-BAZOUGES;35630;35
1000;LA MEZIERE;35520;35
1001;SAINT-ARMEL;35230;35
1002;SENS-DE-BRETAGNE;35490;35
1003;MONTREUIL-SUR-ILLE;35440;35
1004;GOVEN;35580;35
1005;REDON;35600;35
1006;BAIN-DE-BRETAGNE;35470;35
1007;LA CHAPELLE BOUEXIC;35330;35
1008;GUICHEN;35580;35
1009;POLIGNE;35320;35
1010;BOURG-DES-COMPTES;35890;35
1011;SAINT-MALO;35400;35
1012;DINARD;35800;35
1013;PLEUGUENEUC;35720;35
1014;SAINT-LUNAIRE;35800;35
1015;CANCALE;35260;35
1016;PLEURTUIT;35730;35
1017;DOL DE BRETAGNE;35120;35
1018;SAINT-BRIAC-SUR-MER;35800;35
1019;MINIAC-MORVAN;35540;35
1020;LA GOUESNIERE;35350;35
1021;LA RICHARDAIS;35780;35
1022;SAINT-DOMINEUC;35190;35
1023;LE TRONCHET;35540;35
1024;ROZ-SUR-COUESNON;35610;35
1025;SAINT-MELOIR-DES-ONDES;35350;35
1026;SAINT-JOUAN-DES-GUERETS;35430;35
1027;DOMAGNE;35113;35
1028;LA GUERCHE-DE-BRETAGNE;35130;35
1029;VITRE;35500;35
1030;CHATEAUBOURG;35220;35
1031;RETIERS;35240;35
1032;VAL-D'IZE;35450;35
1033;CHATEAUROUX;36000;36
1034;LA CHATRE;36400;36
1035;JOUE LES TOURS;37300;37
1036;TOURS;37000;37
1037;LA RICHE;37520;37
1038;TOURS;37100;37
1039;MONTLOUIS-SUR-LOIRE;37270;37
1040;SAINT-PIERRE-DES-CORPS;37700;37
1041;TOURS;37200;37
1042;SAINT AVERTIN;37550;37
1043;FONDETTES;37230;37
1044;SAINT CYR SUR LOIRE;37540;37
1045;NOTRE-DAME-D OE;37390;37
1046;ROCHECORBON;37210;37
1047;LA MEMBROLLE-SUR-CHOISILLE;37390;37
1048;BALLAN MIRE;37510;37
1049;CHAMBRAY LES TOURS;37170;37
1050;AMBOISE;37400;37
1051;RICHELIEU;37120;37
1052;BOURGUEIL;37140;37
1053;LOCHES;37600;37
1054;DESCARTES;37160;37
1055;GRENOBLE;38000;38
1056;GRENOBLE;38100;38
1057;SAINT-MARTIN-D'HERES;38400;38
1058;GIERES;38610;38
1059;LA TRONCHE;38700;38
1060;MEYLAN;38240;38
1061;MONTBONNOT-SAINT-MARTIN;38330;38
1062;ECHIROLLES;38130;38
1063;SAINT-NAZAIRE-LES-EYMES;38330;38
1064;BIVIERS;38330;38
1065;SAINT-ISMIER;38330;38
1066;EYBENS;38320;38
1067;POISAT;38320;38
1068;CORENC;38700;38
1069;LA TERRASSE;38660;38
1070;VOIRON;38500;38
1071;DOMENE;38420;38
1072;FROGES;38190;38
1073;PONTCHARRA;38530;38
1074;VIZILLE;38220;38
1075;SAINT-EGREVE;38120;38
1076;FONTANIL-CORNILLON;38120;38
1077;CRETS EN BELLEDONNE;38830;38
1078;SAINT-MARTIN-LE-VINOUX;38950;38
1079;TENCIN;38570;38
1080;ALLEVARD;38580;38
1081;VILLARD-BONNOT;38190;38
1082;LE HAUT-BREDA;38580;38
1083;SAINT-MARTIN-D'URIAGE;38410;38
1084;VOREPPE;38340;38
1085;CHAMROUSSE;38410;38
1086;LA BUISSE;38500;38
1087;NOTRE-DAME-DE-MESAGE;38220;38
1088;SAINT-PIERRE-DE-CHARTREUSE;38380;38
1089;BRIE-ET-ANGONNES;38320;38
1090;GONCELIN;38570;38
1091;VAULNAVEYS-LE-BAS;38410;38
1092;LES ADRETS;38190;38
1093;LE VERSOUD;38420;38
1094;LE CHEYLAS;38570;38
1095;SAINT-ETIENNE-DE-CROSSEY;38960;38
1096;CROLLES;38920;38
1097;GRESSE-EN-VERCORS;38650;38
1098;HUEZ;38750;38
1099;LES DEUX ALPES;38860;38
1100;SASSENAGE;38360;38
1101;AUTRANS-MEAUDRE EN VERCORS;38112;38
1102;SEYSSINET-PARISET;38170;38
1103;VILLARD-DE-LANS;38250;38
1104;FONTAINE;38600;38
1105;VAUJANY;38114;38
1106;CORRENCON-EN-VERCORS;38250;38
1107;AUTRANS-MEAUDRE EN VERCORS;38880;38
1108;LE PONT-DE-CLAIX;38800;38
1109;CLAIX;38640;38
1110;CORPS;38970;38
1111;LE BOURG-D'OISANS;38520;38
1112;BESSE;38142;38
1113;AURIS;38142;38
1114;LANS-EN-VERCORS;38250;38
1115;LE GUA;38450;38
1116;SAINT-CLAIR-DE-LA-TOUR;38110;38
1117;BOURGOIN-JALLIEU;38300;38
1118;VILLEFONTAINE;38090;38
1119;SAINT-JUST-CHALEYSSIN;38540;38
1120;L'ISLE-D'ABEAU;38080;38
1121;LA VERPILLIERE;38290;38
1122;ANTHON;38280;38
1123;PONT-DE-CHERUY;38230;38
1124;RIVES;38140;38
1125;SAINT-ETIENNE-DE-SAINT-GEOIRS;38590;38
1126;SAINT-MARCELLIN;38160;38
1127;SAINT-JEAN-DE-MOIRANS;38430;38
1128;TULLINS;38210;38
1129;VINAY;38470;38
1130;MOIRANS;38430;38
1131;BEAUCROISSANT;38140;38
1132;SAINT-GEOIRS;38590;38
1133;ROYBON;38940;38
1134;IZEAUX;38140;38
1135;LES ROUSSES;39220;39
1136;SAINT-CLAUDE;39200;39
1137;DOLE;39100;39
1138;CHAMPAGNOLE;39300;39
1139;ARBOIS;39600;39
1140;TAVAUX;39500;39
1141;HAUTS DE BIENNE;39400;39
1142;SAMPANS;39100;39
1143;LONS LE SAUNIER;39000;39
1144;SEPTMONCEL LES MOLUNES;39310;39
1145;BOIS-D AMONT;39220;39
1146;PREMANON;39220;39
1147;POLIGNY;39800;39
1148;PERRIGNY;39570;39
1149;MONTMOROT;39570;39
1150;OFFLANGES;39290;39
1151;LAVANS-LES-SAINT-CLAUDE;39170;39
1152;SALINS LES BAINS;39110;39
1153;MOIRANS-EN-MONTAGNE;39260;39
1154;CLAIRVAUX-LES-LACS;39130;39
1155;BELLEFONTAINE;39400;39
1156;RAVILLOLES;39170;39
1157;ST-JULIEN-EN-BORN;40170;40
1158;DAX;40100;40
1159;ST-VINCENT-DE-TYROSSE;40230;40
1160;TOSSE;40230;40
1161;SAINT-PIERRE-DU-MONT;40280;40
1162;MOLIETS-ET-MAA;40660;40
1163;PEYREHORADE;40300;40
1164;SEIGNOSSE;40510;40
1165;MONT-DE-MARSAN;40000;40
1166;TARNOS;40220;40
1167;SOORTS-HOSSEGOR;40150;40
1168;ST-GEOURS-MAREMNE;40230;40
1169;SANGUINET;40460;40
1170;VIELLE-ST-GIRONS;40560;40
1171;VIEUX BOUCAU-LES-BAINS;40480;40
1172;LIT ET MIXE;40170;40
1173;BISCARROSSE;40600;40
1174;ST-PAUL-LES-DAX;40990;40
1175;CAPBRETON;40130;40
1176;LABENNE;40530;40
1177;SOUSTONS;40140;40
1178;ONDRES;40440;40
1179;MONTGAILLARD;40500;40
1180;AIRE-SUR-L'ADOUR;40800;40
1181;ST-MARTIN-DE-SEIGNANX;40390;40
1182;ANGRESSE;40150;40
1183;MIMIZAN;40200;40
1184;HAGETMAU;40700;40
1185;ORIST;40300;40
1186;LEON;40550;40
1187;ST-MARTIN-DE-HINX;40390;40
1188;BIAS;40170;40
1189;POYANNE;40380;40
1190;ST-VINCENT-DE-PAUL;40990;40
1191;RION-DES-LANDES;40370;40
1192;TARTAS;40400;40
1193;AUREILHAN;40200;40
1194;SAINT-SEVER;40500;40
1195;PARENTIS EN BORN;40160;40
1196;BENESSE-MAREMNE;40230;40
1197;VENDOME;41100;41
1198;BLOIS;41000;41
1199;MONTRICHARD VAL DE CHER;41400;41
1200;MAROLLES;41330;41
1201;ROMORANTIN-LANTHENAY;41200;41
1202;VINEUIL;41350;41
1203;LA CHAUSSEE SAINT VICTOR;41260;41
1204;VILLEBAROU;41000;41
1205;SAINT-ETIENNE;42000;42
1206;SAINT-ETIENNE;42100;42
1207;SAINT-JEAN-BONNEFONDS;42650;42
1208;LA TALAUDIERE;42350;42
1209;SAINT GENEST LERPT;42530;42
1210;GENILAC;42800;42
1211;FIRMINY;42700;42
1212;SAINT-PAUL-EN-JAREZ;42740;42
1213;SAINT-CHAMOND;42400;42
1214;LA RICAMARIE;42150;42
1215;ROCHE-LA-MOLIERE;42230;42
1216;LA GRAND-CROIX;42320;42
1217;SAINT-JOSEPH;42800;42
1218;SAINT-PRIEST-EN-JAREZ;42270;42
1219;PELUSSIN;42410;42
1220;LA FOUILLOUSE;42480;42
1221;L ETRAT;42580;42
1222;VILLARS;42390;42
1223;LORETTE;42420;42
1224;LE CHAMBON-FEUGEROLLES;42500;42
1225;FRAISSES;42490;42
1226;SORBIERS;42290;42
1227;CHAVANAY;42410;42
1228;RIVE-DE-GIER;42800;42
1229;FARNAY;42320;42
1230;SAINT-PAUL-EN-CORNILLON;42240;42
1231;UNIEUX;42240;42
1232;L HORME;42152;42
1233;SAVIGNEUX;42600;42
1234;SAINT-MARCELLIN-EN-FOREZ;42680;42
1235;ANDREZIEUX-BOUTHEON;42160;42
1236;CHAZELLES SUR LYON;42140;42
1237;BOEN-SUR-LIGNON;42130;42
1238;MONTBRISON;42600;42
1239;VEAUCHE;42340;42
1240;MONTROND-LES-BAINS;42210;42
1241;SAINT-JUST-SAINT-RAMBERT;42170;42
1242;SAINT-GALMIER;42330;42
1243;FEURS;42110;42
1244;SAINT-ROMAIN-LE-PUY;42610;42
1245;SAINT-BONNET-LE-CHATEAU;42380;42
1246;SOLEYMIEUX;42560;42
1247;CHALMAZEL-JEANSAGNIERE;42920;42
1248;PRECIEUX;42600;42
1249;ROANNE;42300;42
1250;CHARLIEU;42190;42
1251;VILLEREST;42300;42
1252;SAINT-JUST-EN-CHEVALET;42430;42
1253;RIORGES;42153;42
1254;NEULISE;42590;42
1255;LE COTEAU;42120;42
1256;MABLY;42300;42
1257;BALBIGNY;42510;42
1258;PERREUX;42120;42
1259;BRIENNON;42720;42
1260;SAINT-HAON-LE-CHATEL;42370;42
1261;LE PUY EN VELAY;43000;43
1262;SAINTE-SIGOLENE;43600;43
1263;SEAUVE-SUR-SEMENE (LA);43140;43
1264;SAINT-PAL-DE-MONS;43620;43
1265;LE CHAMBON SUR LIGNON;43400;43
1266;LANGEAC;43300;43
1267;ESPALY-SAINT-MARCEL;43000;43
1268;SAINT-DIDIER-EN-VELAY;43140;43
1269;BRIVES-CHARENSAC;43700;43
1270;AUREC-SUR-LOIRE;43110;43
1271;ARAULES;43200;43
1272;VIEILLE-BRIOUDE;43100;43
1273;PONT-SALOMON;43330;43
1274;BRIOUDE;43100;43
1275;YSSINGEAUX;43200;43
1276;BEAUZAC;43590;43
1277;SAINT JUST MALMONT;43240;43
1278;NANTES;44000;44
1279;ST SEBASTIEN SUR LOIRE;44230;44
1280;NANTES;44300;44
1281;NANTES;44100;44
1282;NANTES;44200;44
1283;ST-HERBLAIN;44800;44
1284;INDRE;44610;44
1285;THOUARE-SUR-LOIRE;44470;44
1286;CHAPELLE-SUR-ERDRE (LA);44240;44
1287;REZE;44400;44
1288;BOUGUENAIS;44340;44
1289;SUCE-SUR-ERDRE;44240;44
1290;ST-PHILBERT-DE-GRAND-LIEU;44310;44
1291;BASSE-GOULAINE;44115;44
1292;TREILLIERES;44119;44
1293;LIGNE;44850;44
1294;SORINIERES (LES);44840;44
1295;AIGREFEUILLE SUR MAINE;44140;44
1296;CARQUEFOU;44470;44
1297;MACHECOUL-SAINT-MEME;44270;44
1298;SAINTE-LUCE-SUR-LOIRE;44980;44
1299;MOUZEIL;44850;44
1300;HAIE-FOUASSIERE (LA);44690;44
1301;ORVAULT;44700;44
1302;VERTOU;44120;44
1303;ANCENIS-SAINT-GEREON;44150;44
1304;MAISDON-SUR-SEVRE;44690;44
1305;CLISSON;44190;44
1306;SAINT-JULIEN-DE-CONCELLES;44450;44
1307;BOUAYE;44830;44
1308;PONT-SAINT-MARTIN;44860;44
1309;GRANDCHAMP-DES-FONTAINES;44119;44
1310;LOROUX-BOTTEREAU (LE);44430;44
1311;RIAILLE;44440;44
1312;LOIREAUXENCE;44370;44
1313;SAUTRON;44880;44
1314;CHAPELLE-HEULIN (LA);44330;44
1315;LA BERNERIE EN RETZ;44760;44
1316;SAINT BREVIN LES PINS;44250;44
1317;PORNIC;44210;44
1318;SAINT-MICHEL-CHEF-CHEF;44730;44
1319;LA PLAINE-SUR-MER;44770;44
1320;SAINTE PAZANNE;44680;44
1321;SAINT-PERE-EN-RETZ;44320;44
1322;LA MONTAGNE;44620;44
1323;PELLERIN (LE);44640;44
1324;PAIMBOEUF;44560;44
1325;PREFAILLES;44770;44
1326;PORNICHET;44380;44
1327;SAINT-NAZAIRE;44600;44
1328;COUERON;44220;44
1329;BESNE;44160;44
1330;BLAIN;44130;44
1331;TRIGNAC;44570;44
1332;MISSILLAC;44780;44
1333;MONTOIR-DE-BRETAGNE;44550;44
1334;SAINT-ETIENNE-DE-MONTLUC;44360;44
1335;SAVENAY;44260;44
1336;GUEMENE PENFAO;44290;44
1337;SAINT-MALO-DE-GUERSAC;44550;44
1338;SAINTE-REINE-DE-BRETAGNE;44160;44
1339;LE TEMPLE DE BRETAGNE;44360;44
1340;SAINT-NICOLAS-DE-REDON;44460;44
1341;DONGES;44480;44
1342;CAMPBON;44750;44
1343;VIGNEUX DE BRETAGNE;44360;44
1344;LE POULIGUEN;44510;44
1345;GUERANDE;44350;44
1346;LA TURBALLE;44420;44
1347;BATZ-SUR-MER;44740;44
1348;LA BAULE-ESCOUBLAC;44500;44
1349;MESQUER;44420;44
1350;LE CROISIC;44490;44
1351;SAINT-ANDRE-DES-EAUX;44117;44
1352;PIRIAC-SUR-MER;44420;44
1353;SAINT MOLF;44350;44
1354;NORT SUR ERDRE;44390;44
1355;CHATEAUBRIANT;44110;44
1356;ST JEAN DE BRAYE;45800;45
1357;ORLEANS;45000;45
1358;OLIVET;45160;45
1359;LA CHAPELLE ST MESMIN;45380;45
1360;ST JEAN DE LA RUELLE;45140;45
1361;SAINT-JEAN-LE-BLANC;45650;45
1362;ORLEANS;45100;45
1363;CHANTEAU;45400;45
1364;SAINT-HILAIRE-SAINT-MESMIN;45160;45
1365;FLEURY LES AUBRAIS;45400;45
1366;INGRE;45140;45
1367;SEMOY;45400;45
1368;SAINT-PRYVE-SAINT-MESMIN;45750;45
1369;SARAN;45770;45
1370;SAINT-DENIS-EN-VAL;45560;45
1371;CHECY;45430;45
1372;BOULAY-LES-BARRES;45140;45
1373;BEAUGENCY;45190;45
1374;ARDON;45160;45
1375;LA FERTE SAINT-AUBIN;45240;45
1376;NEUVILLE-AUX-BOIS;45170;45
1377;LAILLY EN VAL;45740;45
1378;CHATEAUNEUF S LOIRE;45110;45
1379;JARGEAU;45150;45
1380;SANDILLON;45640;45
1381;MEUNG-SUR-LOIRE;45130;45
1382;PATAY;45310;45
1383;MONTARGIS;45200;45
1384;CHALETTE-SUR-LOING;45120;45
1385;SAINT-HILAIRE-LES-ANDRESIS;45320;45
1386;AMILLY;45200;45
1387;CEPOY;45120;45
1388;PUISEAUX;45390;45
1389;LE MALESHERBOIS;45330;45
1390;PITHIVIERS;45300;45
1391;BEAUNE-LA-ROLANDE;45340;45
1392;GIEN;45500;45
1393;SULLY-SUR-LOIRE;45600;45
1394;BRIARE;45250;45
1395;CAHORS;46000;46
1396;LE PASSAGE;47520;47
1397;AGEN;47000;47
1398;LAYRAC;47390;47
1399;LAFOX;47240;47
1400;CASTELJALOUX;47700;47
1401;BOE;47550;47
1402;COLAYRAC ST CIRQ;47450;47
1403;NERAC;47600;47
1404;AIGUILLON;47190;47
1405;MARMANDE;47200;47
1406;TONNEINS;47400;47
1407;VILLENEUVE SUR LOT;47300;47
1408;VILLEREAL;47210;47
1409;FUMEL;47500;47
1410;MONFLANQUIN;47150;47
1411;CASTELNAUD DE GRATECAMBE;47290;47
1412;MENDE;48000;48
1413;LANGOGNE;48300;48
1414;MEYRUEIS;48150;48
1415;MARVEJOLS;48100;48
1416;MONT LOZERE ET GOULET;48190;48
1417;VILLEFORT;48800;48
1418;PEYRE EN AUBRAC;48130;48
1419;ANGERS;49000;49
1420;ANGERS;49100;49
1421;LES PONTS DE CE;49130;49
1422;TIERCE;49125;49
1423;SAINT-BARTHELEMY-D ANJOU;49124;49
1424;MURS-ERIGNE;49610;49
1425;TRELAZE;49800;49
1426;STE GEMMES SUR LOIRE;49130;49
1427;CHEFFES;49125;49
1428;VERRIERES-EN-ANJOU;49480;49
1429;VERRIERES-EN-ANJOU;49112;49
1430;RIVES-DU-LOIR-EN-ANJOU;49140;49
1431;BRISSAC LOIRE AUBANCE;49320;49
1432;AVRILLE;49240;49
1433;SAINT-GEORGES-SUR-LOIRE;49170;49
1434;BOUCHEMAINE;49080;49
1435;MONTREUIL-JUIGNE;49460;49
1436;CHOLET;49300;49
1437;CHEMILLE-EN-ANJOU;49120;49
1438;TREMENTINES;49340;49
1439;BEAUPREAU-EN-MAUGES;49450;49
1440;BEAUPREAU-EN-MAUGES;49600;49
1441;LA TESSOUALLE;49280;49
1442;SAUMUR;49400;49
1443;FONTEVRAUD L ABBAYE;49590;49
1444;MAZE-MILON;49630;49
1445;SEGRE-EN-ANJOU BLEU;49500;49
1446;AGNEAUX;50180;50
1447;SAINT-LO;50000;50
1448;MOON-SUR-ELLE;50680;50
1449;CARENTAN LES MARAIS;50500;50
1450;GRANVILLE;50400;50
1451;AVRANCHES;50300;50
1452;GRANDPARIGNY;50600;50
1453;DONVILLE-LES-BAINS;50350;50
1454;SAINT-HILAIRE-DU-HARCOUET;50600;50
1455;BRECEY;50370;50
1456;JULLOUVILLE;50610;50
1457;PONTORSON;50170;50
1458;CHERBOURG-EN-COTENTIN;50100;50
1459;CHERBOURG-EN-COTENTIN;50470;50
1460;CHERBOURG-EN-COTENTIN;50110;50
1461;CHERBOURG-EN-COTENTIN;50130;50
1462;CHERBOURG-EN-COTENTIN;50120;50
1463;COUTANCES;50200;50
1464;SAINT-GERMAIN-SUR-AY;50430;50
1465;GAVRAY-SUR-SIENNE;50450;50
1466;GOUVILLE-SUR-MER;50560;50
1467;AGON-COUTAINVILLE;50230;50
1468;PIROU;50770;50
1469;PERIERS;50190;50
1470;LESSAY;50430;50
1471;LA HAYE;50250;50
1472;BARNEVILLE-CARTERET;50270;50
1473;SAINT-VAAST-LA-HOUGUE;50550;50
1474;BAUBIGNY;50270;50
1475;VALOGNES;50700;50
1476;PORT-BAIL-SUR-MER;50580;50
1477;CHALONS EN CHAMPAGNE;51000;51
1478;SAINT-MEMMIE;51470;51
1479;SAINTE MENEHOULD;51800;51
1480;BLACY;51300;51
1481;VITRY LE FRANCOIS;51300;51
1482;FRIGNICOURT;51300;51
1483;EPERNAY;51200;51
1484;DORMANS;51700;51
1485;VINAY;51530;51
1486;CRAMANT;51530;51
1487;AVIZE;51190;51
1488;MAREUIL-LE-PORT;51700;51
1489;REIMS;51100;51
1490;TINQUEUX;51430;51
1491;DIZY;51530;51
1492;AY-CHAMPAGNE;51160;51
1493;CORMONTREUIL;51350;51
1494;SAINT BRICE COURCELLES;51370;51
1495;CHIGNY-LES-ROSES;51500;51
1496;SILLERY;51500;51
1497;BETHENY;51450;51
1498;BEZANNES;51430;51
1499;FISMES;51170;51
1500;WITRY-LES-REIMS;51420;51
1501;MAGENTA;51530;51
1502;AVENAY-VAL-D'OR;51160;51
1503;NOGENT;52800;52
1504;CHAUMONT;52000;52
1505;LANGRES;52200;52
1506;CHATEAU-GONTIER-SUR-MAYENNE;53200;53
1507;CONGRIER;53800;53
1508;LAVAL;53000;53
1509;CHANGE;53810;53
1510;ST FRAIMBAULT DE PRIERES;53300;53
1511;MAYENNE;53100;53
1512;ESSEY LES NANCY;54270;54
1513;NANCY;54000;54
1514;VANDOEUVRE LES NANCY;54500;54
1515;PONT A MOUSSON;54700;54
1516;SAINT MAX;54130;54
1517;JARVILLE LA MALGRANGE;54140;54
1518;MALZEVILLE;54220;54
1519;VILLERS LES NANCY;54600;54
1520;CHAMPIGNEULLES;54250;54
1521;MEREVILLE;54850;54
1522;PULNOY;54425;54
1523;MAXEVILLE;54320;54
1524;LAXOU;54520;54
1525;FROUARD;54390;54
1526;BOUXIERES-AUX-DAMES;54136;54
1527;LANEUVEVILLE-DEVANT-NANCY;54410;54
1528;CUSTINES;54670;54
1529;TOMBLAINE;54510;54
1530;RICHARDMENIL;54630;54
1531;HEILLECOURT;54180;54
1532;PONT-SAINT-VINCENT;54550;54
1533;HAROUE;54740;54
1534;VARANGEVILLE;54110;54
1535;SAINT-NICOLAS-DE-PORT;54210;54
1536;VAL DE BRIEY;54150;54
1537;LONGWY;54400;54
1538;TRIEUX;54750;54
1539;GORCY;54730;54
1540;HAUCOURT-MOULAINE;54860;54
1541;JOEUF;54240;54
1542;JARNY;54800;54
1543;SAULNES;54650;54
1544;HOMECOURT;54310;54
1545;TUCQUEGNIEUX;54640;54
1546;MONT SAINT MARTIN;54350;54
1547;REHON;54430;54
1548;AUBOUE;54580;54
1549;LONGLAVILLE;54810;54
1550;THIL;54880;54
1551;LONGUYON;54260;54
1552;HERSERANGE;54440;54
1553;HUSSIGNY GODBRANGE;54590;54
1554;VILLERUPT;54190;54
1555;COSNES-ET-ROMAIN;54400;54
1556;CONS-LA-GRANDVILLE;54870;54
1557;HATRIZE;54800;54
1558;VALLEROY;54910;54
1559;LUNEVILLE;54300;54
1560;VATHIMENIL;54122;54
1561;DAMELEVIERES;54360;54
1562;MONT-SUR-MEURTHE;54360;54
1563;BLAINVILLE-SUR-L EAU;54360;54
1564;FOUG;54570;54
1565;PIERRE-LA-TREICHE;54200;54
1566;ECROUVES;54200;54
1567;TOUL;54200;54
1568;DOMMARTIN-LES-TOUL;54200;54
1569;VILLEY-SAINT-ETIENNE;54200;54
1570;DOMGERMAIN;54119;54
1571;THIAUCOURT-REGNIEVILLE;54470;54
1572;BELLEVILLE SUR MEUSE;55430;55
1573;VERDUN;55100;55
1574;ARZON;56640;56
1575;SAINT-AVE;56890;56
1576;VANNES;56000;56
1577;ARRADON;56610;56
1578;PLOEREN;56880;56
1579;PLOUHINEC;56680;56
1580;GUIDEL;56520;56
1581;GAVRES;56680;56
1582;LARMOR-PLAGE;56260;56
1583;LORIENT;56100;56
1584;LOCMIQUELIC;56570;56
1585;INZINZAC-LOCHRIST;56650;56
1586;PORT-LOUIS;56290;56
1587;GESTEL;56530;56
1588;HENNEBONT;56700;56
1589;PLOEMEUR;56270;56
1590;LANESTER;56600;56
1591;RIANTEC;56670;56
1592;CLEGUER;56620;56
1593;KERVIGNAC;56700;56
1594;LANGUIDIC;56440;56
1595;BRECH;56400;56
1596;PLOEMEL;56400;56
1597;AURAY;56400;56
1598;CARNAC;56340;56
1599;LOCMARIA;56360;56
1600;LE PALAIS;56360;56
1601;SAINT-PIERRE-QUIBERON;56510;56
1602;QUIBERON;56170;56
1603;BELZ;56550;56
1604;LA TRINITE SUR MER;56470;56
1605;ERDEVEN;56410;56
1606;LE BONO;56400;56
1607;ETEL;56410;56
1608;SAUZON;56360;56
1609;SAINTE-ANNE-D'AURAY;56400;56
1610;SAINT-PHILIBERT;56470;56
1611;PLUVIGNER;56330;56
1612;PLUNERET;56400;56
1613;PLOUHARNEL;56340;56
1614;MALESTROIT;56140;56
1615;PLOERMEL;56800;56
1616;PONTIVY;56300;56
1617;LIGNOL;56160;56
1618;BAUD;56150;56
1619;NEVERS;58000;58
1620;FOURCHAMBAULT;58600;58
1621;VARENNES-VAUZELLES;58640;58
1622;IMPHY;58160;58
1623;COULANGES LES NEVERS;58660;58
1624;DECIZE;58300;58
1625;SAINT ELOI;58000;58
1626;LILLE;59800;59
1627;LA MADELEINE;59110;59
1628;LILLE;59000;59
1629;MONS EN BAROEUL;59370;59
1630;LAMBERSART;59130;59
1631;FACHES THUMESNIL;59155;59
1632;LILLE;59260;59
1633;LILLE;59777;59
1634;SAINT-ANDRE;59350;59
1635;WAMBRECHIES;59118;59
1636;RONCHIN;59790;59
1637;MARQUETTE-LEZ-LILLE;59520;59
1638;VILLENEUVE-D'ASCQ;59650;59
1639;FOURNES-EN-WEPPES;59134;59
1640;CROIX;59170;59
1641;LYS LEZ LANNOY;59390;59
1642;VILLENEUVE-D'ASCQ;59491;59
1643;ROUBAIX;59100;59
1644;WATTRELOS;59150;59
1645;LILLE;59160;59
1646;WAVRIN;59136;59
1647;PHALEMPIN;59133;59
1648;LESQUIN;59810;59
1649;LANNOY;59390;59
1650;ENNETIERES-EN-WEPPES;59320;59
1651;LOOS;59120;59
1652;SEQUEDIN;59320;59
1653;ALLENNES-LES-MARAIS;59251;59
1654;WATTIGNIES;59139;59
1655;WASQUEHAL;59290;59
1656;AVELIN;59710;59
1657;WILLEMS;59780;59
1658;HAUBOURDIN;59320;59
1659;VILLENEUVE-D'ASCQ;59493;59
1660;SECLIN;59113;59
1661;PONT-A-MARCQ;59710;59
1662;TEMPLEUVE EN PEVELE;59242;59
1663;CYSOING;59830;59
1664;HALLENNES-LEZ-HAUBOURDIN;59320;59
1665;HEM;59510;59
1666;BERSEE;59235;59
1667;MOUVAUX;59420;59
1668;MARCQ EN BAROEUL;59700;59
1669;RONCQ;59223;59
1670;TOURCOING;59200;59
1671;ARMENTIERES;59280;59
1672;PERENCHIES;59840;59
1673;HALLUIN;59250;59
1674;DEULEMONT;59890;59
1675;NEUVILLE EN FERRAIN;59960;59
1676;BONDUES;59910;59
1677;LINSELLES;59126;59
1678;QUESNOY SUR DEULE;59890;59
1679;GRANDE-SYNTHE;59760;59
1680;BAILLEUL;59270;59
1681;HAZEBROUCK;59190;59
1682;DOUAI;59500;59
1683;LAMBRES LEZ DOUAI;59552;59
1684;SIN LE NOBLE;59450;59
1685;SOMAIN;59490;59
1686;FAUMONT;59310;59
1687;PECQUENCOURT;59146;59
1688;MAUBEUGE;59600;59
1689;CAUDRY;59540;59
1690;CAMBRAI;59400;59
1691;RAISMES;59590;59
1692;VALENCIENNES;59300;59
1693;MARLY;59770;59
1694;SAINT-AMAND-LES-EAUX;59230;59
1695;ANZIN;59410;59
1696;HASNON;59178;59
1697;TRITH-ST-LEGER;59125;59
1698;DENAIN;59220;59
1699;BEAUVAIS;60000;60
1700;MERU;60110;60
1701;TRIE CHATEAU;60590;60
1702;BORNEL;60540;60
1703;NOAILLES;60430;60
1704;VALDAMPIERRE;60790;60
1705;CHAUMONT-EN-VEXIN;60240;60
1706;LABOISSIERE EN THELLE;60570;60
1707;ANDEVILLE;60570;60
1708;GOINCOURT;60000;60
1709;STE GENEVIEVE;60730;60
1710;LOCONVILLE;60240;60
1711;RANTIGNY;60290;60
1712;CLERMONT;60600;60
1713;LIANCOURT;60140;60
1714;FITZ JAMES;60600;60
1715;LAIGNEVILLE;60290;60
1716;MOUY;60250;60
1717;CREVECOEUR LE GRAND;60360;60
1718;LA RUE ST PIERRE;60510;60
1719;COMPIEGNE;60200;60
1720;MARGNY LES COMPIEGNE;60280;60
1721;CLAIROIX;60280;60
1722;NOYON;60400;60
1723;RIBECOURT DRESLINCOURT;60170;60
1724;LACROIX ST OUEN;60610;60
1725;VENETTE;60280;60
1726;LACHELLE;60190;60
1727;ATTICHY;60350;60
1728;JAUX;60880;60
1729;THOUROTTE;60150;60
1730;LE MEUX;60880;60
1731;CAMBRONNE LES RIBECOURT;60170;60
1732;ST VAAST LES MELLO;60660;60
1733;PONT STE MAXENCE;60700;60
1734;NOGENT SUR OISE;60180;60
1735;CIRES LES MELLO;60660;60
1736;SAINTINES;60410;60
1737;DIEUDONNE;60530;60
1738;PRECY SUR OISE;60460;60
1739;SENLIS;60300;60
1740;CHANTILLY;60500;60
1741;GOUVIEUX;60270;60
1742;CREIL;60100;60
1743;NANTEUIL LE HAUDOUIN;60440;60
1744;VILLERS ST PAUL;60870;60
1745;LA CHAPELLE EN SERVAL;60520;60
1746;FLEURINES;60700;60
1747;VERNEUIL EN HALATTE;60550;60
1748;MONTATAIRE;60160;60
1749;CREPY EN VALOIS;60800;60
1750;ORRY LA VILLE;60560;60
1751;ST MAXIMIN;60740;60
1752;AVILLY ST LEONARD;60300;60
1753;LAMORLAYE;60260;60
1754;ST LEU D ESSERENT;60340;60
1755;BETHISY ST MARTIN;60320;60
1756;VERBERIE;60410;60
1757;THIVERNY;60160;60
1758;CHAMBLY;60230;60
1759;LEVIGNEN;60800;60
1760;BORAN SUR OISE;60820;60
1761;BETHISY ST PIERRE;60320;60
1762;COYE LA FORET;60580;60
1763;VINEUIL ST FIRMIN;60500;60
1764;LE PLESSIS BELLEVILLE;60330;60
1765;MORTEFONTAINE;60128;60
1766;CRAMOISY;60660;60
1767;GOUVIEUX;60500;60
1768;PEROY LES GOMBRIES;60440;60
1769;NEUILLY EN THELLE;60530;60
1770;VER SUR LAUNETTE;60950;60
1771;GOUVIEUX;60260;60
1772;LE MESNIL EN THELLE;60530;60
1773;PLAILLY;60128;60
1774;ALENCON;61000;61
1775;FLERS;61100;61
1776;BAGNOLES DE L'ORNE NORMANDIE;61140;61
1777;ARRAS;62000;62
1778;ACHICOURT;62217;62
1779;SAINT-NICOLAS;62223;62
1780;ELEU-DIT-LEAUWETTE;62300;62
1781;ANZIN-SAINT-AUBIN;62223;62
1782;BEAURAINS;62217;62
1783;AVION;62210;62
1784;SAINTE-CATHERINE;62223;62
1785;NEUVILLE-ST-VAAST;62580;62
1786;SAVY-BERLETTE;62690;62
1787;BIACHE-SAINT-VAAST;62118;62
1788;BETHUNE;62400;62
1789;DIVION;62460;62
1790;HESDIGNEUL-LES-BETHUNE;62196;62
1791;BEUVRY;62660;62
1792;ISBERGUES;62330;62
1793;AIX NOULETTE;62160;62
1794;HARNES;62440;62
1795;CARVIN;62220;62
1796;MONTIGNY EN GOHELLE;62640;62
1797;WINGLES;62410;62
1798;LENS;62300;62
1799;LOOS EN GOHELLE;62750;62
1800;HENIN-BEAUMONT;62110;62
1801;WIMEREUX;62930;62
1802;NEUFCHATEL-HARDELOT;62152;62
1803;ST MARTIN BOULOGNE;62280;62
1804;CALAIS;62100;62
1805;WISSANT;62179;62
1806;BOULOGNE SUR MER;62200;62
1807;MARQUISE;62250;62
1808;BERCK;62600;62
1809;LE TOUQUET PARIS PLAGE;62520;62
1810;CUCQ;62780;62
1811;MERLIMONT;62155;62
1812;AIRE-SUR-LA-LYS;62120;62
1813;BLENDECQUES;62575;62
1814;SAINT OMER;62500;62
1815;LONGUENESSE;62219;62
1816;ARQUES;62510;62
1817;RIOM;63200;63
1818;CHATELGUYON;63140;63
1819;PONTGIBAUD;63230;63
1820;THIERS;63300;63
1821;ISSOIRE;63500;63
1822;SAINT-NECTAIRE;63710;63
1823;BESSE-ET-SAINT-ANASTAISE;63610;63
1824;MONTPEYROUX;63114;63
1825;CHASTREIX;63680;63
1826;PAU;64000;64
1827;BILLERE;64140;64
1828;LONS;64140;64
1829;BIZANOS;64320;64
1830;SERRES CASTET;64121;64
1831;MIOSSENS LANUSSE;64450;64
1832;JURANCON;64110;64
1833;IDRON;64320;64
1834;NAVARRENX;64190;64
1835;MOURENX;64150;64
1836;GELOS;64110;64
1837;SAUVAGNON;64230;64
1838;MAZEROLLES;64230;64
1839;ORTHEZ;64300;64
1840;LESCAR;64230;64
1841;RONTIGNON;64110;64
1842;MORLAAS;64160;64
1843;DENGUIN;64230;64
1844;LESTELLE BETHARRAM;64800;64
1845;OLORON SAINTE MARIE;64400;64
1846;REBENACQ;64260;64
1847;EAUX BONNES;64440;64
1848;MOUMOUR;64400;64
1849;LARUNS;64440;64
1850;NAY;64800;64
1851;SEVIGNACQ MEYRACQ;64260;64
1852;ARETTE;64570;64
1853;BAYONNE;64100;64
1854;BIARRITZ;64200;64
1855;ANGLET;64600;64
1856;USTARITZ;64480;64
1857;SAINT-JEAN-DE-LUZ;64500;64
1858;MAULEON LICHARRE;64130;64
1859;HENDAYE;64700;64
1860;LAHONCE;64990;64
1861;BASSUSSARRY;64200;64
1862;CIBOURE;64500;64
1863;HASPARREN;64240;64
1864;UHART-CIZE;64220;64
1865;SAINT-PALAIS;64120;64
1866;LOURDES;65100;65
1867;ARGELES-GAZOST;65400;65
1868;CAPVERN;65130;65
1869;TARBES;65000;65
1870;CAUTERETS;65110;65
1871;SAINT-LARY-SOULAN;65170;65
1872;ARREAU;65240;65
1873;SAILHAN;65170;65
1874;CAMPAN;65710;65
1875;BAGNERES-DE-BIGORRE;65200;65
1876;BAREGES;65120;65
1877;ESQUIEZE-SERE;65120;65
1878;SEMEAC;65600;65
1879;LUZ-SAINT-SAUVEUR;65120;65
1880;GERM;65240;65
1881;ARAGNOUET;65170;65
1882;ADE;65100;65
1883;VIELLE-AURE;65170;65
1884;ARGELES SUR MER;66700;66
1885;ELNE;66200;66
1886;CANET EN ROUSSILLON;66140;66
1887;SAINTE-MARIE-LA-MER;66470;66
1888;SAINT-CYPRIEN;66750;66
1889;PERPIGNAN;66100;66
1890;PERPIGNAN;66000;66
1891;TORREILLES;66440;66
1892;LE BARCARES;66420;66
1893;CORNEILLA DEL VERCOL;66200;66
1894;TOULOUGES;66350;66
1895;ALENYA;66200;66
1896;LES ANGLES;66210;66
1897;BOLQUERE;66210;66
1898;AMELIE LES BAINS;66110;66
1899;CERET;66400;66
1900;FONT-ROMEU ODEILLO-VIA;66120;66
1901;RIVESALTES;66600;66
1902;PUYVALADOR;66210;66
1903;SAINT-PAUL-DE-FENOUILLET;66220;66
1904;FORMIGUERES;66210;66
1905;LE BOULOU;66160;66
1906;ALBIGNY-SUR-SAONE;69250;69
1907;LYON 2EME;69002;69
1908;NEUVILLE SUR SAONE;69250;69
1909;LYON 4EME;69004;69
1910;LYON 5EME;69005;69
1911;LYON 9EME;69009;69
1912;QUINCIEUX;69650;69
1913;CALUIRE ET CUIRE;69300;69
1914;LYON 1ER;69001;69
1915;RILLIEUX-LA-PAPE;69140;69
1916;FONTAINES SUR SAONE;69270;69
1917;GENAY;69730;69
1918;FLEURIEU-SUR-SAONE;69250;69
1919;COUZON-AU-MONT-D OR;69270;69
1920;SATHONAY-CAMP;69580;69
1921;CURIS-AU-MONT-D'OR;69250;69
1922;CAILLOUX-SUR-FONTAINES;69270;69
1923;ROCHETAILLEE-SUR-SAONE;69270;69
1924;SAINT-ROMAIN-AU-MONT-D OR;69270;69
1925;MONTANAY;69250;69
1926;SATHONAY-VILLAGE;69580;69
1927;SAINT-GERMAIN-AU-MONT-D OR;69650;69
1928;LYON 3EME;69003;69
1929;LYON 7EME;69007;69
1930;LYON 6EME;69006;69
1931;LYON 8EME;69008;69
1932;MEYZIEU;69330;69
1933;SAINT-PIERRE-DE-CHANDIEU;69780;69
1934;VILLEURBANNE;69100;69
1935;VENISSIEUX;69200;69
1936;DECINES-CHARPIEU;69150;69
1937;TERNAY;69360;69
1938;VAULX EN VELIN;69120;69
1939;SAINT-PRIEST;69800;69
1940;MIONS;69780;69
1941;ST FONS;69190;69
1942;CHASSIEU;69680;69
1943;BRON;69500;69
1944;CORBAS;69960;69
1945;GENAS;69740;69
1946;SAINT-BONNET-DE-MURE;69720;69
1947;SEREZIN-DU-RHONE;69360;69
1948;FEYZIN;69320;69
1949;SAINT-LAURENT-DE-MURE;69720;69
1950;SOLAIZE;69360;69
1951;SAINT-SYMPHORIEN-D'OZON;69360;69
1952;TOUSSIEU;69780;69
1953;SAINT-GENIS-LAVAL;69230;69
1954;OULLINS;69600;69
1955;LA MULATIERE;69350;69
1956;SAINTE FOY LES LYON;69110;69
1957;SOUCIEU EN JARREST;69510;69
1958;BRIGNAIS;69530;69
1959;CONDRIEU;69420;69
1960;TALUYERS;69440;69
1961;GRIGNY;69520;69
1962;GIVORS;69700;69
1963;IRIGNY;69540;69
1964;AMPUIS;69420;69
1965;SAINT LAURENT D'AGNY;69440;69
1966;CHARLY;69390;69
1967;PIERRE BENITE;69310;69
1968;VERNAISON;69390;69
1969;SAINTE-COLOMBE;69560;69
1970;SAINT ROMAIN EN GAL;69560;69
1971;ECHALAS;69700;69
1972;MONTAGNY;69700;69
1973;MORNANT;69440;69
1974;CHAPONOST;69630;69
1975;VOURLES;69390;69
1976;FRANCHEVILLE;69340;69
1977;COLLONGES-AU-MONT- D OR;69660;69
1978;ECULLY;69130;69
1979;DARDILLY;69570;69
1980;CRAPONNE;69290;69
1981;TASSIN-LA-DEMI-LUNE;69160;69
1982;BRINDAS;69126;69
1983;DUERNE;69850;69
1984;MARCY-L ETOILE;69280;69
1985;MARCILLY-D AZERGUES;69380;69
1986;L ARBRESLE;69210;69
1987;CHAMPAGNE-AU-MONT-D OR;69410;69
1988;FLEURIEUX-SUR-L ARBRESLE;69210;69
1989;GREZIEU-LA-VARENNE;69290;69
1990;LIMONEST;69760;69
1991;CHARBONNIERES-LES-BAINS;69260;69
1992;SAIN-BEL;69210;69
1993;LENTILLY;69210;69
1994;CHASSELAY;69380;69
1995;BRUSSIEU;69690;69
1996;BULLY;69210;69
1997;SAINT CYR AU MONT D OR;69450;69
1998;SAINT GERMAIN NUELLES;69210;69
1999;COURZIEU;69690;69
2000;DOMMARTIN;69380;69
2001;POLLIONNAY;69290;69
2002;LA TOUR DE SALVAGNY;69890;69
2003;SAINTE-FOY-L ARGENTIERE;69610;69
2004;SAINT-DIDIER-AU-MONT-D OR;69370;69
2005;SAINT SYMPHORIEN SUR COISE;69590;69
2006;THURINS;69510;69
2007;SARCEY;69490;69
2008;VILLEFRANCHE;69400;69
2009;THIZY LES BOURGS;69240;69
2010;LOZANNE;69380;69
2011;LIMAS;69400;69
2012;ALIX;69380;69
2013;ARNAS;69400;69
2014;TARARE;69170;69
2015;GLEIZE;69400;69
2016;SAINT GEORGES DE RENEINS;69830;69
2017;CHARENTAY;69220;69
2018;ANSE;69480;69
2019;LAMURE SUR AZERGUES;69870;69
2020;SAINT-DIDIER-SUR-BEAUJEU;69430;69
2021;BELLEVILLE-EN-BEAUJOLAIS;69220;69
2022;SAINT-FORGEUX;69490;69
2023;AMPLEPUIS;69550;69
2024;VILLE SUR JARNIOUX;69640;69
2025;SAINT-JULIEN;69640;69
2026;LEGNY;69620;69
2027;VAL D'OINGT;69620;69
2028;CERCIE;69220;69
2029;LUCENAY;69480;69
2030;CHESSY;69380;69
2031;MARCY;69480;69
2032;LUXEUIL-LES-BAINS;70300;70
2033;HERICOURT;70400;70
2034;LURE;70200;70
2035;SAINT-SAUVEUR;70300;70
2036;CHALONVILLARS;70400;70
2037;VILLERSEXEL;70110;70
2038;CHAGEY;70400;70
2039;VESOUL;70000;70
2040;NOIDANS-LES-VESOUL;70000;70
2041;NAVENNE;70000;70
2042;RIOZ;70190;70
2043;PUSEY;70000;70
2044;ECHENOZ-LA-MELINE;70000;70
2045;ARC-LES-GRAY;70100;70
2046;MACON;71000;71
2047;TOURNUS;71700;71
2048;CLUNY;71250;71
2049;MONTCHANIN;71210;71
2050;SAINT-DESERT;71390;71
2051;CHALON-SUR-SAONE;71100;71
2052;GIVRY;71640;71
2053;SAINT-REMY;71100;71
2054;MONTCEAU LES MINES;71300;71
2055;SAINT VALLIER;71230;71
2056;CHAGNY;71150;71
2057;CHAROLLES;71120;71
2058;PARAY LE MONIAL;71600;71
2059;CHAUFFAILLES;71170;71
2060;DIGOIN;71160;71
2061;AUTUN;71400;71
2062;LE CREUSOT;71200;71
2063;BLANZY;71450;71
2064;SAINT SERNIN DU BOIS;71200;71
2065;LOUHANS;71500;71
2066;LE MANS;72000;72
2067;RUAUDIN;72230;72
2068;ALLONNES;72700;72
2069;LE MANS;72100;72
2070;PARIGNE L EVEQUE;72250;72
2071;MULSANNE;72230;72
2072;MONTVAL-SUR-LOIR;72500;72
2073;MONTFORT-LE-GESNOIS;72450;72
2074;SAINT CALAIS;72120;72
2075;SAINT MARS D OUTILLE;72220;72
2076;SABLE SUR SARTHE;72300;72
2077;NOYEN SUR SARTHE;72430;72
2078;LA FLECHE;72200;72
2079;AUBIGNE RACAN;72800;72
2080;CLERMONT CREANS;72200;72
2081;LA FERTE BERNARD;72400;72
2082;CHAMPFLEUR;72610;72
2083;MAMERS;72600;72
2084;BEAUMONT SUR SARTHE;72170;72
2085;AIX LES BAINS;73100;73
2086;LA PLAGNE TARENTAISE;73210;73
2087;SAINT-JEOIRE-PRIEURE;73190;73
2088;LES BELLEVILLE;73440;73
2089;VAL CENIS;73480;73
2090;EPIERRE;73220;73
2091;ALBERTVILLE;73200;73
2092;VALLOIRE;73450;73
2093;SAINT FRANCOIS LONGCHAMP;73130;73
2094;VALMEINIER;73450;73
2095;LA RAVOIRE;73490;73
2096;BARBY;73230;73
2097;VAL-D ISERE;73150;73
2098;LES ALLUES;73550;73
2099;CHAMBERY;73000;73
2100;MONTVALEZAN;73700;73
2101;TIGNES;73320;73
2102;MODANE;73500;73
2103;AUSSOIS;73500;73
2104;BOURG-SAINT-MAURICE;73700;73
2105;MOUXY;73100;73
2106;AIME LA PLAGNE;73210;73
2107;BASSENS;73000;73
2108;HAUTELUCE;73620;73
2109;COURCHEVEL;73120;73
2110;SAINT-JEAN-D ARVEY;73230;73
2111;VILLARD SUR DORON;73270;73
2112;ENTRELACS;73410;73
2113;VOGLANS;73420;73
2114;TRESSERVE;73100;73
2115;FLUMET;73590;73
2116;LA MOTTE SERVOLEX;73290;73
2117;PRALOGNAN-LA-VANOISE;73710;73
2118;LES AVANCHERS VALMOREL;73260;73
2119;BARBERAZ;73000;73
2120;ALBIEZ-MONTROND;73300;73
2121;GAILLARD;74240;74
2122;LA BALME DE SILLINGY;74330;74
2123;ANNECY;74600;74
2124;FAVERGES-SEYTHENEX;74210;74
2125;ANNECY;74000;74
2126;MANIGOD;74230;74
2127;ANNECY;74960;74
2128;LE GRAND BORNAND;74450;74
2129;VALLEIRY;74520;74
2130;VEYRIER-DU-LAC;74290;74
2131;DOUSSARD;74210;74
2132;ANNEMASSE;74100;74
2133;ANNECY;74940;74
2134;NEYDENS;74160;74
2135;ARGONAY;74370;74
2136;RUMILLY;74150;74
2137;VETRAZ-MONTHOUX;74100;74
2138;MONNETIER-MORNEX;74560;74
2139;COLLONGES-SOUS-SALEVE;74160;74
2140;VILLE-LA-GRAND;74100;74
2141;LUCINGES;74380;74
2142;BONNE;74380;74
2143;POISY;74330;74
2144;CHENEX;74520;74
2145;SAINT-JULIEN-EN-GENEVOIS;74160;74
2146;LA CLUSAZ;74220;74
2147;THONES;74230;74
2148;ANNECY;74370;74
2149;ALLONZIER-LA-CAILLE;74350;74
2150;EPAGNY METZ-TESSY;74330;74
2151;DUINGT;74410;74
2152;COPPONEX;74350;74
2153;ARCHAMPS;74160;74
2154;GROISY;74570;74
2155;VIRY;74580;74
2156;MENTHON-SAINT-BERNARD;74290;74
2157;CHAMONIX MONT BLANC;74400;74
2158;VIUZ-EN-SALLAZ;74250;74
2159;PRAZ SUR ARLY;74120;74
2160;LA ROCHE SUR FORON;74800;74
2161;SCIONZIER;74950;74
2162;COMBLOUX;74920;74
2163;THYEZ;74300;74
2164;LES CONTAMINES MONTJOIE;74170;74
2165;MONT-SAXONNEX;74130;74
2166;ONNION;74490;74
2167;SAINT GERVAIS LES BAINS;74170;74
2168;SALLANCHES;74700;74
2169;ARACHES LA FRASSE;74300;74
2170;SERVOZ;74310;74
2171;TANINGES;74440;74
2172;LES GETS;74260;74
2173;MEGEVE;74120;74
2174;BONNEVILLE;74130;74
2175;PASSY;74190;74
2176;CLUSES;74300;74
2177;MORILLON;74440;74
2178;MARIGNIER;74970;74
2179;SAMOENS;74340;74
2180;VALLORCINE;74660;74
2181;DEMI-QUARTIER;74120;74
2182;CORNIER;74800;74
2183;LES HOUCHES;74310;74
2184;PASSY;74480;74
2185;LA TOUR;74250;74
2186;MIEUSSY;74440;74
2187;AMANCY;74800;74
2188;VERCHAIX;74440;74
2189;SAINT-JEOIRE;74490;74
2190;CORDON;74700;74
2191;SAINT-PIERRE-EN-FAUCIGNY;74800;74
2192;CONTAMINE-SUR-ARVE;74130;74
2193;GLIERES-VAL-DE-BORNE;74130;74
2194;MARNAZ;74460;74
2195;EVIAN-LES-BAINS;74500;74
2196;SAINT-PAUL-EN-CHABLAIS;74500;74
2197;SAINT-JEAN-D'AULPS;74430;74
2198;SAINT-ETIENNE-DU-ROUVRAY;76800;76
2199;ROUEN;76100;76
2200;ROUEN;76000;76
2201;MESNIL-ESNARD (LE);76240;76
2202;GRAND QUEVILLY (LE);76120;76
2203;BONSECOURS;76240;76
2204;PETIT QUEVILLY (LE);76140;76
2205;PETIT-COURONNE (LE);76650;76
2206;SOTTEVILLE-LES-ROUEN;76300;76
2207;CAUDEBEC-LES-ELBEUF;76320;76
2208;ELBEUF;76500;76
2209;TOURVILLE-LA-RIVIERE;76410;76
2210;SAINT PIERRE LES ELBEUF;76320;76
2211;AMFREVILLE-LA-MIVOIE;76920;76
2212;MONT-SAINT-AIGNAN;76130;76
2213;MAROMME;76150;76
2214;DARNETAL;76160;76
2215;CANTELEU;76380;76
2216;BARENTIN;76360;76
2217;BOIS GUILLAUME;76230;76
2218;SAINT-LEGER-DU-BOURG-DENIS;76160;76
2219;DEVILLE-LES-ROUEN;76250;76
2220;BIHOREL;76420;76
2221;NOTRE-DAME-DE-BONDEVILLE;76960;76
2222;VILLERS ECALLES;76360;76
2223;DIEPPE;76200;76
2224;ARQUES-LA-BATAILLE;76880;76
2225;LE TREPORT;76470;76
2226;EU;76260;76
2227;DIEPPE;76370;76
2228;LE HAVRE;76610;76
2229;LE HAVRE;76620;76
2230;LE HAVRE;76600;76
2231;STE ADRESSE;76310;76
2232;HARFLEUR;76700;76
2233;MONTIVILLIERS;76290;76
2234;GRUCHET-LE-VALASSE;76210;76
2235;SAINT-ROMAIN-DE-COLBOSC;76430;76
2236;SAINT-LAURENT-DE-BREVEDENT;76700;76
2237;FECAMP;76400;76
2238;LANQUETOT;76210;76
2239;LILLEBONNE;76170;76
2240;ETRETAT;76790;76
2241;PORT-JEROME-SUR-SEINE;76330;76
2242;GONFREVILLE L ORCHER;76700;76
2243;MANIQUERVILLE;76400;76
2244;BOLBEC;76210;76
2245;BREAUTE;76110;76
2246;FORGES-LES-EAUX;76440;76
2247;GOURNAY-EN-BRAY;76220;76
2248;RIVES-EN-SEINE;76490;76
2249;SAINT-VALERY-EN-CAUX;76460;76
2250;YVETOT;76190;76
2251;SAINT-PIERRE-EN-PORT;76540;76
2252;SAINT MARTIN AUX BUNEAUX;76450;76
2253;YERVILLE;76760;76
2254;GREMONVILLE;76970;76
2255;SERVON;77170;77
2256;OZOIR LA FERRIERE;77330;77
2257;MELUN;77000;77
2258;TOURNAN-EN-BRIE;77220;77
2259;VAUX-LE-PENIL;77000;77
2260;LE MEE SUR SEINE;77350;77
2261;BRIE COMTE ROBERT;77170;77
2262;CHAMPEAUX;77720;77
2263;COMBS LA VILLE;77380;77
2264;LIEUSAINT;77127;77
2265;SAINT-FARGEAU-PONTHIERRY;77310;77
2266;LESIGNY;77150;77
2267;BARBIZON;77630;77
2268;GRETZ-ARMAINVILLIERS;77220;77
2269;REAU;77550;77
2270;SAVIGNY-LE-TEMPLE;77176;77
2271;NANDY;77176;77
2272;PRESLES-EN-BRIE;77220;77
2273;PONTAULT COMBAULT;77340;77
2274;GUIGNES;77390;77
2275;CHARTRETTES;77590;77
2276;DAMMARIE LES LYS;77190;77
2277;CESSON;77240;77
2278;GRISY-SUISNES;77166;77
2279;CHATELET-EN-BRIE (LE);77820;77
2280;ROCHETTE(LA);77000;77
2281;MACHAULT;77133;77
2282;ROISSY-EN-BRIE;77680;77
2283;PRINGY;77310;77
2284;SOLERS;77111;77
2285;MOISSY-CRAMAYEL;77550;77
2286;MONTEREAU FAULT YONNE;77130;77
2287;SAINT-PIERRE-LES-NEMOURS;77140;77
2288;MONTIGNY-SUR-LOING;77690;77
2289;FONTAINEBLEAU;77300;77
2290;ANDREZEL;77390;77
2291;AVON;77210;77
2292;BOMBON;77720;77
2293;NEMOURS;77140;77
2294;SOIGNOLLES-EN-BRIE;77111;77
2295;HERICY;77850;77
2296;COUBERT;77170;77
2297;MORET-LOING-ET-ORVANNE;77250;77
2298;SAMOIS SUR SEINE;77920;77
2299;NOISY-SUR-ECOLE;77123;77
2300;CHEVRY-COSSIGNY;77173;77
2301;EVRY-GREGY-SUR-YERRE;77166;77
2302;CHAUMES-EN-BRIE;77390;77
2303;CHAMPAGNE SUR SEINE;77430;77
2304;SEINE-PORT;77240;77
2305;FAVIERES;77220;77
2306;MORMANT;77720;77
2307;VOULX;77940;77
2308;ACHERES-LA-FORET;77760;77
2309;CHAMPDEUIL;77390;77
2310;SOUPPES-SUR-LOING;77460;77
2311;PONTCARRE;77135;77
2312;SAINT-MAMMES;77670;77
2313;SAINT-SAUVEUR-SUR-ECOLE;77930;77
2314;SIVRY-COURTRY;77115;77
2315;BOIS LE ROI;77590;77
2316;SAINT-MARTIN-EN-BIERE;77630;77
2317;REBAIS;77510;77
2318;FONTENAY-TRESIGNY;77610;77
2319;COULOMMIERS;77120;77
2320;QUINCY-VOISINS;77860;77
2321;JOUY-SUR-MORIN;77320;77
2322;LA FERTE SOUS JOUARRE;77260;77
2323;ESBLY;77450;77
2324;CITRY;77730;77
2325;CROUY-SUR-OURCQ;77840;77
2326;MORTCERF;77163;77
2327;ROZAY-EN-BRIE;77540;77
2328;MARY-SUR-MARNE;77440;77
2329;COUILLY-PONT-AUX-DAMES;77860;77
2330;CRECY LA CHAPELLE;77580;77
2331;BASSEVELLE;77750;77
2332;CONDE-SAINTE-LIBIAIRE;77450;77
2333;FERTE-GAUCHER (LA);77320;77
2334;VILLENEUVE-SAINT-DENIS;77174;77
2335;DOUY-LA-RAMEE;77139;77
2336;SAINT-SIMEON;77169;77
2337;BEAUTHEIL-SAINTS;77120;77
2338;VILLIERS-SUR-MORIN;77580;77
2339;JOUARRE;77640;77
2340;CANNES-ECLUSE;77130;77
2341;GENEVRAYE (LA);77690;77
2342;CLAYE-SOUILLY;77410;77
2343;MEAUX;77100;77
2344;SAINT THIBAULT DES VIGNES;77400;77
2345;TORCY;77200;77
2346;CHELLES;77500;77
2347;VILLEPARISIS;77270;77
2348;LONGPERRIER;77230;77
2349;BUSSY-SAINT-GEORGES;77600;77
2350;SERRIS;77700;77
2351;MONTEVRAIN;77144;77
2352;NOISIEL;77186;77
2353;ANNET-SUR-MARNE;77410;77
2354;POMPONNE;77400;77
2355;COLLEGIEN;77090;77
2356;VARREDDES;77910;77
2357;LAGNY-SUR-MARNE;77400;77
2358;CHAMPS-SUR-MARNE;77420;77
2359;EMERAINVILLE;77184;77
2360;BUSSY-SAINT-MARTIN;77600;77
2361;SAINT-PATHUS;77178;77
2362;DAMMARTIN-EN-GOELE;77230;77
2363;VAIRES SUR MARNE;77360;77
2364;LOGNES;77185;77
2365;CHANTELOUP EN BRIE;77600;77
2366;MAGNY-LE-HONGRE;77700;77
2367;COUPVRAY;77700;77
2368;VILLENOY;77124;77
2369;THORIGNY SUR MARNE;77400;77
2370;BAILLY-ROMAINVILLIERS;77700;77
2371;LE PIN;77181;77
2372;CREGY-LES-MEAUX;77124;77
2373;CHESSY;77700;77
2374;VILLENEUVE SOUS DAMMARTIN;77230;77
2375;BROU-SUR-CHANTEREINE;77177;77
2376;VILLEVAUDE;77410;77
2377;FERRIERES-EN-BRIE;77164;77
2378;MITRY MORY;77290;77
2379;NANTEUIL-LES-MEAUX;77100;77
2380;DAMPMART;77400;77
2381;NANTOUILLET;77230;77
2382;CHARMENTRAY;77410;77
2383;TRILPORT;77470;77
2384;SAINT-MARD;77230;77
2385;SAINT-SOUPPLETS;77165;77
2386;OISSERY;77178;77
2387;OTHIS;77280;77
2388;JOSSIGNY;77600;77
2389;COURTRY;77181;77
2390;CROISSY-BEAUBOURG;77183;77
2391;TRILBARDOU;77450;77
2392;GOUVERNES;77400;77
2393;POINCY;77470;77
2394;CARNETIN;77400;77
2395;CHAUCONIN-NEUFMONTIERS;77124;77
2396;GUERMANTES;77600;77
2397;CHAMBRY;77910;77
2398;MESSY;77410;77
2399;THIEUX;77230;77
2400;ISLES-LES-VILLENOY;77450;77
2401;PROVINS;77160;77
2402;GASTINS;77370;77
2403;NANGIS;77370;77
2404;MOUY-SUR-SEINE;77480;77
2405;ORMES-SUR-VOULZIE (LES);77134;77
2406;MOUSSEAUX-LES-BRAY;77480;77
2407;MAISON-ROUGE;77370;77
2408;VERSAILLES;78000;78
2409;SAINT-CYR-L ECOLE;78210;78
2410;BOIS D ARCY;78390;78
2411;VIROFLAY;78220;78
2412;MONTIGNY LE BRETONNEUX;78180;78
2413;VELIZY VILLACOUBLAY;78140;78
2414;TRAPPES;78190;78
2415;GUYANCOURT;78280;78
2416;FONTENAY LE FLEURY;78330;78
2417;LE CHESNAY-ROCQUENCOURT;78150;78
2418;JOUY EN JOSAS;78350;78
2419;BUC;78530;78
2420;CHATEAUFORT;78117;78
2421;MARLY-LE-ROI;78160;78
2422;VESINET (LE);78110;78
2423;PLAISIR;78370;78
2424;CLAYES-SOUS-BOIS (LES);78340;78
2425;MAISONS-LAFFITTE;78600;78
2426;SARTROUVILLE;78500;78
2427;LOUVECIENNES;78430;78
2428;CROISSY SUR SEINE;78290;78
2429;CARRIERES SUR SEINE;78420;78
2430;HOUILLES;78800;78
2431;ETANG-LA-VILLE (L );78620;78
2432;CHATOU;78400;78
2433;VILLEPREUX;78450;78
2434;PORT-MARLY (LE);78560;78
2435;MONTESSON;78360;78
2436;MESNIL-LE-ROI (LE);78600;78
2437;BOUGIVAL;78380;78
2438;CELLE-SAINT-CLOUD (LA);78170;78
2439;NOISY LE ROI;78590;78
2440;SAINT-NOM-LA-BRETECHE;78860;78
2441;CHAVENAY;78450;78
2442;BAILLY;78870;78
2443;FEUCHEROLLES;78810;78
2444;CONFLANS SAINTE HONORINE;78700;78
2445;MAURECOURT;78780;78
2446;PECQ (LE);78230;78
2447;ANDRESY;78570;78
2448;SAINT-GERMAIN-EN-LAYE;78100;78
2449;ORGEVAL;78630;78
2450;MAULE;78580;78
2451;POISSY;78300;78
2452;TRIEL SUR SEINE;78510;78
2453;MEULAN-EN-YVELINES;78250;78
2454;CARRIERES SOUS POISSY;78955;78
2455;VERNEUIL SUR SEINE;78480;78
2456;MUREAUX (LES);78130;78
2457;ACHERES;78260;78
2458;MAREIL-MARLY;78750;78
2459;VILLENNES-SUR-SEINE;78670;78
2460;VERNOUILLET;78540;78
2461;AUBERGENVILLE;78410;78
2462;BOUAFLE;78410;78
2463;CHANTELOUP-LES-VIGNES;78570;78
2464;MORAINVILLIERS;78630;78
2465;ECQUEVILLY;78920;78
2466;SAINT-GERMAIN-EN-LAYE;78112;78
2467;VAUX-SUR-SEINE;78740;78
2468;MEZY-SUR-SEINE;78250;78
2469;CHAMBOURCY;78240;78
2470;CRESPIERES;78121;78
2471;NEZEL;78410;78
2472;FLINS-SUR-SEINE;78410;78
2473;EPONE;78680;78
2474;MANTES-LA-JOLIE;78200;78
2475;BUCHELAY;78200;78
2476;MEZIERES-SUR-SEINE;78970;78
2477;MANTES-LA-VILLE;78711;78
2478;HOUDAN;78550;78
2479;FONTENAY-SAINT-PERE;78440;78
2480;LIMAY;78520;78
2481;ISSOU;78440;78
2482;FRENEUSE;78840;78
2483;MAULETTE;78550;78
2484;PERDREAUVILLE;78200;78
2485;BENNECOURT;78270;78
2486;GARGENVILLE;78440;78
2487;SEPTEUIL;78790;78
2488;RICHEBOURG;78550;78
2489;BONNIERES-SUR-SEINE;78270;78
2490;LIMETZ-VILLEZ;78270;78
2491;GUERVILLE;78930;78
2492;JUZIERS;78820;78
2493;SAINT-MARTIN-DES-CHAMPS;78790;78
2494;MAGNANVILLE;78200;78
2495;ORVILLIERS;78910;78
2496;MAUREPAS;78310;78
2497;ELANCOURT;78990;78
2498;CERNAY-LA-VILLE;78720;78
2499;MESNIL-SAINT-DENIS (LE);78320;78
2500;MAGNY-LES-HAMEAUX;78114;78
2501;RAMBOUILLET;78120;78
2502;SAINT-LEGER-EN-YVELINES;78610;78
2503;ESSARTS-LE-ROI (LES);78690;78
2504;BEYNES;78650;78
2505;THOIRY;78770;78
2506;JOUARS-PONTCHARTRAIN;78760;78
2507;GALLUIS;78490;78
2508;SAINT-GERMAIN-DE-LA-GRANGE;78640;78
2509;NEAUPHLE-LE-CHATEAU;78640;78
2510;CHEVREUSE;78460;78
2511;SAINT-ARNOULT-EN-YVELINES;78730;78
2512;MAREIL-LE-GUYON;78490;78
2513;MESNULS (LES);78490;78
2514;SAINT-REMY-LES-CHEVREUSE;78470;78
2515;VOISINS-LE-BRETONNEUX;78960;78
2516;QUEUE-LES-YVELINES (LA);78940;78
2517;GAZERAN;78125;78
2518;COIGNIERES;78310;78
2519;MONTFORT-L AMAURY;78490;78
2520;BULLION;78830;78
2521;VILLIERS-SAINT-FREDERIC;78640;78
2522;PERRAY-EN-YVELINES (LE);78610;78
2523;TREMBLAY-SUR-MAULDRE (LE);78490;78
2524;BONNELLES;78830;78
2525;VERRIERE (LA);78320;78
2526;ROCHEFORT-EN-YVELINES;78730;78
2527;DAMPIERRE-EN-YVELINES;78720;78
2528;PARTHENAY;79200;79
2529;NIORT;79000;79
2530;EXIREUIL;79400;79
2531;CHAURAY;79180;79
2532;ST MAIXENT L ECOLE;79400;79
2533;LES FORGES;79340;79
2534;BRESSUIRE;79300;79
2535;FRONTENAY-ROHAN-ROHAN;79270;79
2536;AMIENS;80000;80
2537;AMIENS;80090;80
2538;LONGUEAU;80330;80
2539;SAINT-FUSCIEN;80680;80
2540;AMIENS;80080;80
2541;CORBIE;80800;80
2542;CAMON;80450;80
2543;PLACHY-BUYON;80160;80
2544;FORT-MAHON-PLAGE;80120;80
2545;LE CROTOY;80550;80
2546;CAYEUX-SUR-MER;80410;80
2547;DOULLENS;80600;80
2548;QUEND;80120;80
2549;FRIVILLE-ESCARBOTIN;80130;80
2550;MERS-LES-BAINS;80350;80
2551;AULT;80460;80
2552;ABBEVILLE;80100;80
2553;WOIGNARUE;80460;80
2554;SAINT-VALERY-SUR-SOMME;80230;80
2555;ROYE;80700;80
2556;MEHARICOURT;80170;80
2557;AILLY-SUR-NOYE;80250;80
2558;ALBERT;80300;80
2559;PERONNE;80200;80
2560;ALBI;81000;81
2561;LISLE-SUR-TARN;81310;81
2562;SAINT JUERY;81160;81
2563;CASTRES;81100;81
2564;MAZAMET;81200;81
2565;SAINT-SULPICE-LA-POINTE;81370;81
2566;MOISSAC;82200;82
2567;MONTAUBAN;82000;82
2568;LA VILLE DIEU DU TEMPLE;82290;82
2569;CASTELSARRASIN;82100;82
2570;BEAUMONT DE LOMAGNE;82500;82
2571;ST-ETIENNE-DE-TULMONT;82410;82
2572;MONTECH;82700;82
2573;MONTBETON;82290;82
2574;VERDUN-SUR-GARONNE;82600;82
2575;CAUSSADE;82300;82
2576;SAINT ANTONIN NOBLE VAL;82140;82
2577;GRISOLLES;82170;82
2578;FREJUS;83600;83
2579;DRAGUIGNAN;83300;83
2580;GRIMAUD;83310;83
2581;SAINT RAPHAEL;83700;83
2582;COGOLIN;83310;83
2583;SAINT TROPEZ;83990;83
2584;ROQUEBRUNE-SUR-ARGENS;83380;83
2585;LA CROIX VALMER;83420;83
2586;SAINTE MAXIME;83120;83
2587;ROQUEBRUNE-SUR-ARGENS;83520;83
2588;LE MUY;83490;83
2589;PUGET-SUR-ARGENS;83480;83
2590;RAMATUELLE;83350;83
2591;SAINT RAPHAEL;83530;83
2592;CAVALAIRE-SUR-MER;83240;83
2593;FREJUS;83370;83
2594;LES ADRETS DE L ESTEREL;83600;83
2595;BAGNOLS-EN-FORET;83600;83
2596;ENTRECASTEAUX;83570;83
2597;CALLIAN;83440;83
2598;BRIGNOLES;83170;83
2599;FAYENCE;83440;83
2600;SEILLANS;83440;83
2601;LORGUES;83510;83
2602;BARJOLS;83670;83
2603;MONTAUROUX;83440;83
2604;TOURVES;83170;83
2605;GAREOULT;83136;83
2606;BARGEMON;83830;83
2607;CLAVIERS;83830;83
2608;LE CANNET DES MAURES;83340;83
2609;TOURRETTES;83440;83
2610;GONFARON;83590;83
2611;LES ARCS;83460;83
2612;RIANS;83560;83
2613;ROCBARON;83136;83
2614;LE LUC;83340;83
2615;MONTFORT SUR ARGENS;83570;83
2616;SALERNES;83690;83
2617;VIDAUBAN;83550;83
2618;CABASSE;83340;83
2619;ROUGIERS;83170;83
2620;MONTFERRAT;83131;83
2621;TOURTOUR;83690;83
2622;ST MAXIMIN LA STE BAUME;83470;83
2623;LA GARDE;83130;83
2624;LA SEYNE SUR MER;83500;83
2625;TOULON;83200;83
2626;TOULON;83000;83
2627;SIX-FOURS-LES-PLAGES;83140;83
2628;LA VALETTE DU VAR;83160;83
2629;LE PRADET;83220;83
2630;TOULON;83100;83
2631;SAINT-MANDRIER-SUR-MER;83430;83
2632;LE REVEST LES EAUX;83200;83
2633;LE LAVANDOU;83980;83
2634;CARQUEIRANNE;83320;83
2635;BANDOL;83150;83
2636;SANARY SUR MER;83110;83
2637;SOLLIES-PONT;83210;83
2638;HYERES;83400;83
2639;LE BEAUSSET;83330;83
2640;SAINT-CYR-SUR-MER;83270;83
2641;LA LONDE LES MAURES;83250;83
2642;LA CADIERE D AZUR;83740;83
2643;OLLIOULES;83190;83
2644;BORMES-LES-MIMOSAS;83230;83
2645;LA FARLEDE;83210;83
2646;LA CRAU;83260;83
2647;PUGET-VILLE;83390;83
2648;CUERS;83390;83
2649;EVENOS;83330;83
2650;PIERREFEU-DU-VAR;83390;83
2651;BELGENTIER;83210;83
2652;SOLLIES-VILLE;83210;83
2653;SOLLIES-TOUCAS;83210;83
2654;CARNOULES;83660;83
2655;SIGNES;83870;83
2656;LE CASTELLET;83330;83
2657;COLLOBRIERES;83610;83
2658;CARPENTRAS;84200;84
2659;AVIGNON;84000;84
2660;MONTEUX;84170;84
2661;AVIGNON;84140;84
2662;BEDOIN;84410;84
2663;SORGUES;84700;84
2664;LE PONTET;84130;84
2665;MORIERES LES AVIGNON;84310;84
2666;PERNES LES FONTAINES;84210;84
2667;BEDARRIDES;84370;84
2668;SARRIANS;84260;84
2669;VEDENE;84270;84
2670;COURTHEZON;84350;84
2671;AUBIGNAN;84810;84
2672;ENTRAIGUES-SUR-LA-SORGUE;84320;84
2673;CAROMB;84330;84
2674;MALEMORT-DU-COMTAT;84570;84
2675;VILLELAURE;84530;84
2676;APT;84400;84
2677;L ISLE SUR LA SORGUE;84800;84
2678;PERTUIS;84120;84
2679;LAURIS;84360;84
2680;CAVAILLON;84300;84
2681;LE THOR;84250;84
2682;LA TOUR D AIGUES;84240;84
2683;SAUMANE-DE-VAUCLUSE;84800;84
2684;VIENS;84750;84
2685;SAINT-SATURNIN LES APT;84490;84
2686;CHATEAUNEUF-DE-GADAGNE;84470;84
2687;LA BASTIDE DES JOURDANS;84240;84
2688;MERINDOL;84360;84
2689;ORANGE;84100;84
2690;SAINTE-CECILE-LES-VIGNES;84290;84
2691;BOLLENE;84500;84
2692;JONQUIERES;84150;84
2693;VACQUEYRAS;84190;84
2694;VAISON-LA-ROMAINE;84110;84
2695;VISAN;84820;84
2696;BARROUX (LE);84330;84
2697;MORNAS;84550;84
2698;MALAUCENE;84340;84
2699;BEAUMES-DE-VENISE;84190;84
2700;CHATEAUNEUF-DU-PAPE;84230;84
2701;SERIGNAN-DU-COMTAT;84830;84
2702;ROCHE SUR YON (LA);85000;85
2703;SAINT-PHILBERT-DE-BOUAINE;85660;85
2704;ESSARTS EN BOCAGE;85140;85
2705;MONTAIGU-VENDEE;85600;85
2706;CHANTONNAY;85110;85
2707;BROUZILS (LES);85260;85
2708;ROCHESERVIERE;85620;85
2709;SAINT-FULGENT;85250;85
2710;HERBIERS (LES);85500;85
2711;MORTAGNE-SUR-SEVRE;85290;85
2712;FONTENAY-LE-COMTE;85200;85
2713;LUCON;85400;85
2714;AIGUILLON-SUR-MER (L );85460;85
2715;LONGEVILLE-SUR-MER;85560;85
2716;TALMONT-SAINT-HILAIRE;85440;85
2717;BRETIGNOLLES-SUR-MER;85470;85
2718;SAINT-HILAIRE-DE-RIEZ;85270;85
2719;SABLES-D'OLONNE (LES);85100;85
2720;SABLES-D'OLONNE (LES);85180;85
2721;SAINT-GILLES-CROIX-DE-VIE;85800;85
2722;FAUTE-SUR-MER (LA);85460;85
2723;TRANCHE-SUR-MER (LA);85360;85
2724;JARD-SUR-MER;85520;85
2725;SABLES-D'OLONNE (LES);85340;85
2726;SAINT-VINCENT-SUR-JARD;85520;85
2727;VAIRE;85150;85
2728;LES ACHARDS;85150;85
2729;CHALLANS;85300;85
2730;BEAUVOIR-SUR-MER;85230;85
2731;NOIRMOUTIER-EN-L'ILE;85330;85
2732;SAINT-JEAN-DE-MONTS;85160;85
2733;NOTRE-DAME-DE-MONTS;85690;85
2734;BARBATRE;85630;85
2735;BARRE-DE-MONTS (LA);85550;85
2736;POITIERS;86000;86
2737;CHASSENEUIL-DU-POITOU;86360;86
2738;MIGNALOUX-BEAUVOIR;86550;86
2739;FONTAINE-LE-COMTE;86240;86
2740;BUXEROLLES;86180;86
2741;CHATELLERAULT;86100;86
2742;LA ROCHE POSAY;86270;86
2743;BOURESSE;86410;86
2744;CHAUVIGNY;86300;86
2745;ISLE;87170;87
2746;LIMOGES;87000;87
2747;LIMOGES;87100;87
2748;ST YRIEIX LA PERCHE;87500;87
2749;ST-LEONARD-DE-NOBLAT;87400;87
2750;BESSINES-SUR-GARTEMPE;87250;87
2751;LIMOGES;87280;87
2752;COUZEIX;87270;87
2753;GOLBEY;88190;88
2754;EPINAL;88000;88
2755;HADOL;88220;88
2756;DARNIEULLES;88390;88
2757;VITTEL;88800;88
2758;CAPAVENIR VOSGES;88150;88
2759;DAMAS-ET-BETTEGNEY;88270;88
2760;CHANTRAINE;88000;88
2761;DEYVILLERS;88000;88
2762;LONGCHAMP;88000;88
2763;CONTREXEVILLE;88140;88
2764;MIRECOURT;88500;88
2765;NEUFCHATEAU;88300;88
2766;CHENIMENIL;88460;88
2767;PIERREFITTE;88270;88
2768;LES FORGES;88390;88
2769;GIRANCOURT;88390;88
2770;LIFFOL-LE-GRAND;88350;88
2771;LAVELINE-DEVANT-BRUYERES;88600;88
2772;RAMBERVILLERS;88700;88
2773;JEUXEY;88000;88
2774;FRAIZE;88230;88
2775;PLAINFAING;88230;88
2776;RAON L ETAPE;88110;88
2777;XONRUPT-LONGEMER;88400;88
2778;GERARDMER;88400;88
2779;PAIR-ET-GRANDRUPT;88100;88
2780;SAINT DIE DES VOSGES;88100;88
2781;SAINTE-MARGUERITE;88100;88
2782;SAULCY-SUR-MEURTHE;88580;88
2783;MOYENMOUTIER;88420;88
2784;GERBEPAL;88430;88
2785;LA FORGE;88530;88
2786;VENTRON;88310;88
2787;BUSSANG;88540;88
2788;LA BRESSE;88250;88
2789;REMIREMONT;88200;88
2790;RAMONCHAMP;88160;88
2791;RUPT-SUR-MOSELLE;88360;88
2792;SAINT-NABORD;88200;88
2793;LE THILLOT;88160;88
2794;VAGNEY;88120;88
2795;SAPOIS;88120;88
2796;CORNIMONT;88310;88
2797;ST-ETIENNE-LES-REMIREMONT;88200;88
2798;POUXEUX;88550;88
2799;AUXERRE;89000;89
2800;ST GEORGES SUR BAULCHE;89000;89
2801;TONNERRE;89700;89
2802;CHEVANNES;89240;89
2803;VENOY;89290;89
2804;MONTREAL;89420;89
2805;AVALLON;89200;89
2806;VILLENEUVE SUR YONNE;89500;89
2807;PARON;89100;89
2808;ST CLEMENT;89100;89
2809;SENS;89100;89
2810;SAVIGNY SUR CLAIRIS;89150;89
2811;ST VALERIEN;89150;89
2812;MALAY LE GRAND;89100;89
2813;THORIGNY-SUR-OREUSE;89260;89
2814;CHEROY;89690;89
2815;BELFORT;90000;90
2816;OFFEMONT;90300;90
2817;BEAUCOURT;90500;90
2818;BONDOUFLE;91070;91
2819;CORBEIL ESSONNES;91100;91
2820;BOUSSY-SAINT-ANTOINE;91800;91
2821;BRUNOY;91800;91
2822;EVRY-COURCOURONNES;91000;91
2823;ETIOLLES;91450;91
2824;MENNECY;91540;91
2825;VILLABE;91100;91
2826;YERRES;91330;91
2827;COUDRAY-MONTCEAUX (LE);91830;91
2828;BALLANCOURT-SUR-ESSONNE;91610;91
2829;SAINT-PIERRE-DU-PERRAY;91280;91
2830;DRAVEIL;91210;91
2831;VARENNES-JARCY;91480;91
2832;CROSNE;91560;91
2833;MONTGERON;91230;91
2834;SOISY-SUR-SEINE;91450;91
2835;VIGNEUX SUR SEINE;91270;91
2836;FONTENAY-LE-VICOMTE;91540;91
2837;SAINT-GERMAIN-LES-CORBEIL;91250;91
2838;LISSES;91090;91
2839;SAINTRY-SUR-SEINE;91250;91
2840;RIS-ORANGIS;91130;91
2841;VERT LE PETIT;91710;91
2842;EPINAY-SOUS-SENART;91860;91
2843;QUINCY-SOUS-SENART;91480;91
2844;EVRY-COURCOURONNES;91080;91
2845;ORMOY;91540;91
2846;TIGERY;91250;91
2847;CHAMPCUEIL;91750;91
2848;VERT LE GRAND;91810;91
2849;SAVIGNY-SUR-ORGE;91600;91
2850;ATHIS MONS;91200;91
2851;JUVISY SUR ORGE;91260;91
2852;SAINTE-GENEVIEVE-DES-BOIS;91700;91
2853;LONGJUMEAU;91160;91
2854;MASSY;91300;91
2855;MORANGIS;91420;91
2856;WISSOUS;91320;91
2857;CHILLY MAZARIN;91380;91
2858;SAULX-LES-CHARTREUX;91160;91
2859;BALLAINVILLIERS;91160;91
2860;VIRY CHATILLON;91170;91
2861;VILLIERS-SUR-ORGE;91700;91
2862;MORSANG-SUR-ORGE;91390;91
2863;GRIGNY;91350;91
2864;VILLEMOISSON-S-ORGE;91360;91
2865;PARAY-VIEILLE-POSTE;91550;91
2866;EPINAY SUR ORGE;91360;91
2867;CHAMPLAN;91160;91
2868;FLEURY-MEROGIS;91700;91
2869;SAINT-MICHEL-SUR-ORGE;91240;91
2870;MONTLHERY;91310;91
2871;LINAS;91310;91
2872;BRETIGNY SUR ORGE;91220;91
2873;CHEPTAINVILLE;91630;91
2874;ARPAJON;91290;91
2875;SAINT-VRAIN;91770;91
2876;EGLY;91520;91
2877;LONGPONT-SUR-ORGE;91310;91
2878;LA NORVILLE;91290;91
2879;BRUYERES-LE-CHATEL;91680;91
2880;SAINT-GERMAIN-LES-ARPAJON;91180;91
2881;OLLAINVILLE;91340;91
2882;LEUVILLE-SUR-ORGE;91310;91
2883;LE PLESSIS PATE;91220;91
2884;LEUDEVILLE;91630;91
2885;MAROLLES-EN-HUREPOIX;91630;91
2886;ETAMPES;91150;91
2887;BOUTIGNY-SUR-ESSONNE;91820;91
2888;BOISSY-SOUS-SAINT-YON;91790;91
2889;ORMOY-LA-RIVIERE;91150;91
2890;ETRECHY;91580;91
2891;SOISY-SUR-ECOLE;91840;91
2892;DOURDAN;91410;91
2893;SACLAS;91690;91
2894;MILLY-LA-FORET;91490;91
2895;PUSSAY;91740;91
2896;ROINVILLE-SOUS-DOURDAN;91410;91
2897;BAULNE;91590;91
2898;CORBREUSE;91410;91
2899;FERTE-ALAIS (LA);91590;91
2900;CERNY;91590;91
2901;MORIGNY-CHAMPIGNY;91150;91
2902;GUIGNEVILLE;91590;91
2903;LARDY;91510;91
2904;D   HUISON LONGUEVILLE;91590;91
2905;BOURAY-SUR-JUINE;91850;91
2906;COURANCES;91490;91
2907;BREUILLET;91650;91
2908;BRIERES-LES-SCELLES;91150;91
2909;MAISSE;91720;91
2910;VAL-SAINT-GERMAIN (LE);91530;91
2911;SAINT-CYR-SOUS-DOURDAN;91410;91
2912;ITTEVILLE;91760;91
2913;SAINT-YON;91650;91
2914;CHAMARANDE;91730;91
2915;VAYRES-SUR-ESSONNE;91820;91
2916;BOISSY-LE-CUTTE;91590;91
2917;VILLENEUVE-SUR-AUVERS;91580;91
2918;ANGERVILLIERS;91470;91
2919;ANGERVILLE;91670;91
2920;MARCOUSSIS;91460;91
2921;BRIIS-SOUS-FORGES;91640;91
2922;ORSAY;91400;91
2923;GIF SUR YVETTE;91190;91
2924;PALAISEAU;91120;91
2925;FORGES-LES-BAINS;91470;91
2926;LES ULIS;91940;91
2927;BIEVRES;91570;91
2928;NOZAY;91620;91
2929;BURES SUR YVETTE;91440;91
2930;LIMOURS;91470;91
2931;IGNY;91430;91
2932;VERRIERES LE BUISSON;91370;91
2933;VILLE-DU-BOIS (LA);91620;91
2934;VILLEBON SUR YVETTE;91140;91
2935;VAUGRIGNEUSE;91640;91
2936;GOMETZ-LA-VILLE;91400;91
2937;VILLIERS-LE-BACLE;91190;91
2938;GOMETZ-LE-CHATEL;91940;91
2939;VILLEJUST;91140;91
2940;SAINT-JEAN-DE-BEAUREGARD;91940;91
2941;SACLAY;91400;91
2942;PUTEAUX;92800;92
2943;RUEIL-MALMAISON;92500;92
2944;SURESNES;92150;92
2945;NANTERRE;92000;92
2946;COURBEVOIE;92400;92
2947;BOIS-COLOMBES;92270;92
2948;LA GARENNE-COLOMBES;92250;92
2949;ASNIERES-SUR-SEINE;92600;92
2950;GENNEVILLIERS;92230;92
2951;COLOMBES;92700;92
2952;VILLENEUVE-LA-GARENNE;92390;92
2953;LEVALLOIS-PERRET;92300;92
2954;CLICHY;92110;92
2955;NEUILLY-SUR-SEINE;92200;92
2956;BOULOGNE-BILLANCOURT;92100;92
2957;VAUCRESSON;92420;92
2958;GARCHES;92380;92
2959;SAINT-CLOUD;92210;92
2960;MEUDON;92360;92
2961;SEVRES;92310;92
2962;BOULOGNE-BILLANCOURT;75016;92
2963;MEUDON;92190;92
2964;VILLE-D'AVRAY;92410;92
2965;CHAVILLE;92370;92
2966;CHATENAY-MALABRY;92290;92
2967;BOURG-LA-REINE;92340;92
2968;ISSY-LES-MOULINEAUX;92130;92
2969;MONTROUGE;92120;92
2970;FONTENAY-AUX-ROSES;92260;92
2971;CLAMART;92140;92
2972;ANTONY;92160;92
2973;VANVES;92170;92
2974;SCEAUX;92330;92
2975;LE PLESSIS-ROBINSON;92350;92
2976;CHATILLON;92320;92
2977;BAGNEUX;92220;92
2978;MALAKOFF;92240;92
2979;LE PRE-SAINT-GERVAIS;93310;93
2980;ROMAINVILLE;93230;93
2981;LES LILAS;93260;93
2982;BAGNOLET;93170;93
2983;NOISY-LE-SEC;93130;93
2984;BOBIGNY;93000;93
2985;LES PAVILLONS-SOUS-BOIS;93320;93
2986;DRANCY;93700;93
2987;BONDY;93140;93
2988;PANTIN;93500;93
2989;SAINT-OUEN-SUR-SEINE;93400;93
2990;AUBERVILLIERS;93300;93
2991;SAINT-DENIS;93200;93
2992;LA COURNEUVE;93120;93
2993;EPINAY SUR SEINE;93800;93
2994;SAINT-DENIS;93210;93
2995;PIERREFITTE-SUR-SEINE;93380;93
2996;STAINS;93240;93
2997;LE BOURGET;93350;93
2998;VILLETANEUSE;93430;93
2999;L'ILE-SAINT-DENIS;93450;93
3000;DUGNY;93440;93
3001;VAUJOURS;93410;93
3002;TREMBLAY-EN-FRANCE;93290;93
3003;COUBRON;93470;93
3004;SEVRAN;93270;93
3005;CLICHY SOUS BOIS;93390;93
3006;LIVRY-GARGAN;93190;93
3007;AULNAY SOUS BOIS;93600;93
3008;VILLEPINTE;93420;93
3009;LE BLANC-MESNIL;93150;93
3010;NEUILLY-SUR-MARNE;93330;93
3011;NEUILLY-PLAISANCE;93360;93
3012;GAGNY;93220;93
3013;NOISY-LE-GRAND;93160;93
3014;GOURNAY SUR MARNE;93460;93
3015;LE RAINCY;93340;93
3016;MONTFERMEIL;93370;93
3017;MONTREUIL;93100;93
3018;ROSNY-SOUS-BOIS;93110;93
3019;VILLEMOMBLE;93250;93
3020;ST MAURICE;94410;94
3021;SAINT-MAUR-DES-FOSSES;94210;94
3022;SAINT-MAUR-DES-FOSSES;94100;94
3023;JOINVILLE-LE-PONT;94340;94
3024;ALFORTVILLE;94140;94
3025;MAISONS-ALFORT;94700;94
3026;CHARENTON-LE-PONT;94220;94
3027;CRETEIL;94000;94
3028;BONNEUIL-SUR-MARNE;94380;94
3029;IVRY-SUR-SEINE;94200;94
3030;CACHAN;94230;94
3031;LE KREMLIN-BICETRE;94270;94
3032;VILLEJUIF;94800;94
3033;FRESNES;94260;94
3034;CHOISY-LE-ROI;94600;94
3035;VITRY-SUR-SEINE;94400;94
3036;THIAIS;94320;94
3037;L'HAY-LES-ROSES;94240;94
3038;ORLY;94310;94
3039;CHEVILLY-LARUE;94550;94
3040;RUNGIS;94150;94
3041;GENTILLY;94250;94
3042;ARCUEIL;94110;94
3043;VILLENEUVE-SAINT-GEORGES;94190;94
3044;PERIGNY;94520;94
3045;BOISSY-SAINT-LEGER;94470;94
3046;VALENTON;94460;94
3047;CHENNEVIERES SUR MARNE;94430;94
3048;LA QUEUE-EN-BRIE;94510;94
3049;VILLIERS-SUR-MARNE;94350;94
3050;SUCY-EN-BRIE;94370;94
3051;LIMEIL-BREVANNES;94450;94
3052;VILLECRESNES;94440;94
3053;ABLON-SUR-SEINE;94480;94
3054;LE PLESSIS-TREVISE;94420;94
3055;MANDRES-LES-ROSES;94520;94
3056;VILLENEUVE-LE-ROI;94290;94
3057;NOISEAU;94880;94
3058;SANTENY;94440;94
3059;ORMESSON-SUR-MARNE;94490;94
3060;MAROLLES-EN-BRIE;94440;94
3061;NOGENT-SUR-MARNE;94130;94
3062;VINCENNES;94300;94
3063;BRY-SUR-MARNE;94360;94
3064;SAINT-MANDE;94160;94
3065;FONTENAY-SOUS-BOIS;94120;94
3066;LE PERREUX-SUR-MARNE;94170;94
3067;CHAMPIGNY-SUR-MARNE;94500;94
3068;PONTOISE;95300;95
3069;MENUCOURT;95180;95
3070;ERAGNY-SUR-OISE;95610;95
3071;ST OUEN L AUMONE;95310;95
3072;NOINTEL;95590;95
3073;AUVERS-SUR-OISE;95430;95
3074;L'ISLE-ADAM;95290;95
3075;CERGY;95000;95
3076;PIERRELAYE;95480;95
3077;JOUY-LE-MOUTIER;95280;95
3078;OSNY;95520;95
3079;CERGY;95800;95
3080;BEAUMONT-SUR-OISE;95260;95
3081;MERIEL;95630;95
3082;MERY-SUR-OISE;95540;95
3083;PARMAIN;95620;95
3084;CORMEILLES-EN-VEXIN;95830;95
3085;COURDIMANCHE;95800;95
3086;MAGNY-EN-VEXIN;95420;95
3087;VAUREAL;95490;95
3088;PONTOISE;95000;95
3089;CHAMPAGNE SUR-OISE;95660;95
3090;CHARS;95750;95
3091;ENNERY;95300;95
3092;PERSAN;95340;95
3093;BOISSY-L'AILLERIE;95650;95
3094;MARINES;95640;95
3095;VILLIERS-ADAM;95840;95
3096;VALMONDOIS;95760;95
3097;LA ROCHE-GUYON;95780;95
3098;GENAINVILLE;95420;95
3099;BRUYERES-SUR-OISE;95820;95
3100;LABBEVILLE;95690;95
3101;VETHEUIL;95510;95
3102;GOUSSAINVILLE;95190;95
3103;BELLOY-EN-FRANCE;95270;95
3104;GONESSE;95500;95
3105;DOMONT;95330;95
3106;ARNOUVILLE;95400;95
3107;ROISSY-EN-FRANCE;95700;95
3108;SAINT-BRICE-SOUS-FORET;95350;95
3109;GARGES-LES-GONESSE;95140;95
3110;ECOUEN;95440;95
3111;LE THILLAY;95500;95
3112;SARCELLES;95200;95
3113;MONTSOULT;95560;95
3114;SAINT-WITZ;95470;95
3115;EZANVILLE;95460;95
3116;BOUFFEMONT;95570;95
3117;MAFFLIERS;95560;95
3118;BAILLET-EN-FRANCE;95560;95
3119;LOUVRES;95380;95
3120;FOSSES;95470;95
3121;VILLIERS-LE-BEL;95400;95
3122;LUZARCHES;95270;95
3123;VILLERON;95380;95
3124;VEMARS;95470;95
3125;VIARMES;95270;95
3126;BONNEUIL-EN-FRANCE;95500;95
3127;SURVILLIERS;95470;95
3128;MOISSELLES;95570;95
3129;ASNIERES-SUR-OISE;95270;95
3130;PUISEUX-EN-FRANCE;95380;95
3131;FONTENAY-EN-PARISIS;95190;95
3132;CHAUMONTEL;95270;95
3133;SEUGY;95270;95
3134;MONTMORENCY;95160;95
3135;ERMONT;95120;95
3136;EAUBONNE;95600;95
3137;FRANCONVILLE LA GARENNE;95130;95
3138;PLESSIS-BOUCHARD (LE);95130;95
3139;FREPILLON;95740;95
3140;TAVERNY;95150;95
3141;ENGHIEN LES BAINS;95880;95
3142;ST LEU LA FORET;95320;95
3143;ST GRATIEN;95210;95
3144;DEUIL LA BARRE;95170;95
3145;BEAUCHAMP;95250;95
3146;GROSLAY;95410;95
3147;BESSANCOURT;95550;95
3148;SAINT-PRIX;95390;95
3149;MARGENCY;95580;95
3150;SOISY SS MONTMORENCY;95230;95
3151;MONTMAGNY;95360;95
3152;MONTLIGNON;95680;95
3153;ANDILLY;95580;95
3154;SANNOIS;95110;95
3155;HERBLAY-SUR-SEINE;95220;95
3156;ARGENTEUIL;95100;95
3157;MONTIGNY LES CORMEILLES;95370;95
3158;BEZONS;95870;95
3159;LA FRETTE-SUR-SEINE;95530;95
3160;CORMEILLES-EN-PARISIS;95240;95
3161;SAINT MARTIN;97150;971
3162;SAINTE ANNE;97227;972
3163;SCHOELCHER;97233;972
3164;MARIN;97290;972
3165;FORT DE FRANCE;97200;972
3166;TROIS ILETS;97229;972
3167;CASE PILOTE;97222;972
3168;DUCOS;97224;972
3169;LE LAMENTIN;97232;972
3170;DIAMANT;97223;972
3171;VAUCLIN;97280;972
3172;SAINT JOSEPH;97212;972
3173;SAINTE LUCE;97228;972
3174;FORT DE FRANCE;97234;972
3175;FRANCOIS;97240;972
3176;ROBERT;97231;972
3177;AJOUPA BOUILLON;97216;972
3178;TRINITE;97220;972
3179;GROS MORNE;97213;972
3180;CAYENNE;97300;973
3181;REMIRE MONTJOLY;97354;973
3182;KOUROU;97310;973
3183;MATOURY;97351;973
3184;SAINT LAURENT DU MARONI;97320;973
3185;SAINTE MARIE;97438;974
3186;SAINT DENIS;97417;974
3187;SAINT DENIS;97400;974
3188;SAINT DENIS;97490;974
3189;SAINT-PAUL;97460;974
3190;SAINT-PAUL;97434;974
3191;SAINT-BENOIT;97470;974
3192;SAINT-ANDRE;97440;974
3193;LA POSSESSION;97419;974
3194;SAINT PIERRE;97410;974
3195;SAINT-LEU;97424;974
3196;PARIS 03;75003;75
3197;PARIS 01;75001;75
3198;PARIS 08;75008;75
3199;PARIS 06;75006;75
3200;PARIS 07;75007;75
3201;PARIS 05;75005;75
3202;PARIS 10;75010;75
3203;PARIS 09;75009;75
3204;PARIS 11;75011;75
3205;PARIS 12;75012;75
3206;PARIS 13;75013;75
3207;PARIS 14;75014;75
3208;PARIS 15;75015;75
3209;PARIS 16;75016;75
3210;PARIS 17;75017;75
3211;PARIS 18;75018;75
3212;PARIS 20;75020;75
3213;PARIS 19;75019;75
3214;PARIS 04;75004;75
3215;PARIS 02;75002;75
